pokemon_id,pokemon_name,evolves_from_pokemon_id,evolves_from_pokemon_name,is_root,is_final_stage
1,bulbasaur,,,1,0
2,ivysaur,1,bulbasaur,0,0
3,venusaur,2,ivysaur,0,1
4,charmander,,,1,0
5,charmeleon,4,charmander,0,0
6,charizard,5,charmeleon,0,1
7,squirtle,,,1,0
8,wartortle,7,squirtle,0,0
9,blastoise,8,wartortle,0,1
10,caterpie,,,1,0
11,metapod,10,caterpie,0,0
12,butterfree,11,metapod,0,1
13,weedle,,,1,0
14,kakuna,13,weedle,0,0
15,beedrill,14,kakuna,0,1
16,pidgey,,,1,0
17,pidgeotto,16,pidgey,0,0
18,pidgeot,17,pidgeotto,0,1
19,rattata,,,1,0
20,raticate,19,rattata,0,1
21,spearow,,,1,0
22,fearow,21,spearow,0,1
23,ekans,,,1,0
24,arbok,23,ekans,0,1
25,pikachu,172,pichu,0,0
26,raichu,25,pikachu,0,1
172,pichu,,,1,0
27,sandshrew,,,1,0
28,sandslash,27,sandshrew,0,1
29,nidoran-f,,,1,0
30,nidorina,29,nidoran-f,0,0
31,nidoqueen,30,nidorina,0,1
32,nidoran-m,,,1,0
33,nidorino,32,nidoran-m,0,0
34,nidoking,33,nidorino,0,1
35,clefairy,173,cleffa,0,0
36,clefable,35,clefairy,0,1
173,cleffa,,,1,0
37,vulpix,,,1,0
38,ninetales,37,vulpix,0,1
39,jigglypuff,174,igglybuff,0,0
40,wigglytuff,39,jigglypuff,0,1
174,igglybuff,,,1,0
41,zubat,,,1,0
42,golbat,41,zubat,0,0
169,crobat,42,golbat,0,1
43,oddish,,,1,0
44,gloom,43,oddish,0,0
45,vileplume,44,gloom,0,1
182,bellossom,44,gloom,0,1
46,paras,,,1,0
47,parasect,46,paras,0,1
48,venonat,,,1,0
49,venomoth,48,venonat,0,1
50,diglett,,,1,0
51,dugtrio,50,diglett,0,1
52,meowth,,,1,0
53,persian,52,meowth,0,1
863,perrserker,52,meowth,0,1
54,psyduck,,,1,0
55,golduck,54,psyduck,0,1
56,mankey,,,1,0
57,primeape,56,mankey,0,0
979,annihilape,57,primeape,0,1
58,growlithe,,,1,0
59,arcanine,58,growlithe,0,1
60,poliwag,,,1,0
61,poliwhirl,60,poliwag,0,0
62,poliwrath,61,poliwhirl,0,1
186,politoed,61,poliwhirl,0,1
63,abra,,,1,0
64,kadabra,63,abra,0,0
65,alakazam,64,kadabra,0,1
66,machop,,,1,0
67,machoke,66,machop,0,0
68,machamp,67,machoke,0,1
69,bellsprout,,,1,0
70,weepinbell,69,bellsprout,0,0
71,victreebel,70,weepinbell,0,1
72,tentacool,,,1,0
73,tentacruel,72,tentacool,0,1
74,geodude,,,1,0
75,graveler,74,geodude,0,0
76,golem,75,graveler,0,1
77,ponyta,,,1,0
78,rapidash,77,ponyta,0,1
79,slowpoke,,,1,0
80,slowbro,79,slowpoke,0,1
199,slowking,79,slowpoke,0,1
81,magnemite,,,1,0
82,magneton,81,magnemite,0,0
462,magnezone,82,magneton,0,1
83,farfetchd,,,1,0
865,sirfetchd,83,farfetchd,0,1
84,doduo,,,1,0
85,dodrio,84,doduo,0,1
86,seel,,,1,0
87,dewgong,86,seel,0,1
88,grimer,,,1,0
89,muk,88,grimer,0,1
90,shellder,,,1,0
91,cloyster,90,shellder,0,1
92,gastly,,,1,0
93,haunter,92,gastly,0,0
94,gengar,93,haunter,0,1
95,onix,,,1,0
208,steelix,95,onix,0,1
96,drowzee,,,1,0
97,hypno,96,drowzee,0,1
98,krabby,,,1,0
99,kingler,98,krabby,0,1
100,voltorb,,,1,0
101,electrode,100,voltorb,0,1
102,exeggcute,,,1,0
103,exeggutor,102,exeggcute,0,1
104,cubone,,,1,0
105,marowak,104,cubone,0,1
106,hitmonlee,236,tyrogue,0,1
107,hitmonchan,236,tyrogue,0,1
236,tyrogue,,,1,0
237,hitmontop,236,tyrogue,0,1
108,lickitung,,,1,0
463,lickilicky,108,lickitung,0,1
109,koffing,,,1,0
110,weezing,109,koffing,0,1
111,rhyhorn,,,1,0
112,rhydon,111,rhyhorn,0,0
464,rhyperior,112,rhydon,0,1
113,chansey,440,happiny,0,0
242,blissey,113,chansey,0,1
440,happiny,,,1,0
114,tangela,,,1,0
465,tangrowth,114,tangela,0,1
115,kangaskhan,,,1,1
116,horsea,,,1,0
117,seadra,116,horsea,0,0
230,kingdra,117,seadra,0,1
118,goldeen,,,1,0
119,seaking,118,goldeen,0,1
120,staryu,,,1,0
121,starmie,120,staryu,0,1
122,mr-mime,439,mime-jr,0,0
439,mime-jr,,,1,0
866,mr-rime,122,mr-mime,0,1
123,scyther,,,1,0
212,scizor,123,scyther,0,1
900,kleavor,123,scyther,0,1
124,jynx,238,smoochum,0,1
238,smoochum,,,1,0
125,electabuzz,239,elekid,0,0
239,elekid,,,1,0
466,electivire,125,electabuzz,0,1
126,magmar,240,magby,0,0
240,magby,,,1,0
467,magmortar,126,magmar,0,1
127,pinsir,,,1,1
128,tauros,,,1,1
129,magikarp,,,1,0
130,gyarados,129,magikarp,0,1
131,lapras,,,1,1
132,ditto,,,1,1
133,eevee,,,1,0
134,vaporeon,133,eevee,0,1
135,jolteon,133,eevee,0,1
136,flareon,133,eevee,0,1
196,espeon,133,eevee,0,1
197,umbreon,133,eevee,0,1
470,leafeon,133,eevee,0,1
471,glaceon,133,eevee,0,1
700,sylveon,133,eevee,0,1
137,porygon,,,1,0
233,porygon2,137,porygon,0,0
474,porygon-z,233,porygon2,0,1
138,omanyte,,,1,0
139,omastar,138,omanyte,0,1
140,kabuto,,,1,0
141,kabutops,140,kabuto,0,1
142,aerodactyl,,,1,1
143,snorlax,446,munchlax,0,1
446,munchlax,,,1,0
144,articuno,,,1,1
145,zapdos,,,1,1
146,moltres,,,1,1
147,dratini,,,1,0
148,dragonair,147,dratini,0,0
149,dragonite,148,dragonair,0,1
150,mewtwo,,,1,1
151,mew,,,1,1
152,chikorita,,,1,0
153,bayleef,152,chikorita,0,0
154,meganium,153,bayleef,0,1
155,cyndaquil,,,1,0
156,quilava,155,cyndaquil,0,0
157,typhlosion,156,quilava,0,1
158,totodile,,,1,0
159,croconaw,158,totodile,0,0
160,feraligatr,159,croconaw,0,1
161,sentret,,,1,0
162,furret,161,sentret,0,1
163,hoothoot,,,1,0
164,noctowl,163,hoothoot,0,1
165,ledyba,,,1,0
166,ledian,165,ledyba,0,1
167,spinarak,,,1,0
168,ariados,167,spinarak,0,1
170,chinchou,,,1,0
171,lanturn,170,chinchou,0,1
175,togepi,,,1,0
176,togetic,175,togepi,0,0
468,togekiss,176,togetic,0,1
177,natu,,,1,0
178,xatu,177,natu,0,1
179,mareep,,,1,0
180,flaaffy,179,mareep,0,0
181,ampharos,180,flaaffy,0,1
183,marill,298,azurill,0,0
184,azumarill,183,marill,0,1
298,azurill,,,1,0
185,sudowoodo,438,bonsly,0,1
438,bonsly,,,1,0
187,hoppip,,,1,0
188,skiploom,187,hoppip,0,0
189,jumpluff,188,skiploom,0,1
190,aipom,,,1,0
424,ambipom,190,aipom,0,1
191,sunkern,,,1,0
192,sunflora,191,sunkern,0,1
193,yanma,,,1,0
469,yanmega,193,yanma,0,1
194,wooper,,,1,0
195,quagsire,194,wooper,0,1
980,clodsire,194,wooper,0,1
198,murkrow,,,1,0
430,honchkrow,198,murkrow,0,1
200,misdreavus,,,1,0
429,mismagius,200,misdreavus,0,1
201,unown,,,1,1
202,wobbuffet,360,wynaut,0,1
360,wynaut,,,1,0
203,girafarig,,,1,0
981,farigiraf,203,girafarig,0,1
204,pineco,,,1,0
205,forretress,204,pineco,0,1
206,dunsparce,,,1,0
982,dudunsparce,206,dunsparce,0,1
207,gligar,,,1,0
472,gliscor,207,gligar,0,1
209,snubbull,,,1,0
210,granbull,209,snubbull,0,1
211,qwilfish,,,1,0
904,overqwil,211,qwilfish,0,1
213,shuckle,,,1,1
214,heracross,,,1,1
215,sneasel,,,1,0
461,weavile,215,sneasel,0,1
903,sneasler,215,sneasel,0,1
216,teddiursa,,,1,0
217,ursaring,216,teddiursa,0,0
901,ursaluna,217,ursaring,0,1
218,slugma,,,1,0
219,magcargo,218,slugma,0,1
220,swinub,,,1,0
221,piloswine,220,swinub,0,0
473,mamoswine,221,piloswine,0,1
222,corsola,,,1,0
864,cursola,222,corsola,0,1
223,remoraid,,,1,0
224,octillery,223,remoraid,0,1
225,delibird,,,1,1
226,mantine,458,mantyke,0,1
458,mantyke,,,1,0
227,skarmory,,,1,1
228,houndour,,,1,0
229,houndoom,228,houndour,0,1
231,phanpy,,,1,0
232,donphan,231,phanpy,0,1
234,stantler,,,1,0
899,wyrdeer,234,stantler,0,1
235,smeargle,,,1,1
241,miltank,,,1,1
243,raikou,,,1,1
244,entei,,,1,1
245,suicune,,,1,1
246,larvitar,,,1,0
247,pupitar,246,larvitar,0,0
248,tyranitar,247,pupitar,0,1
249,lugia,,,1,1
250,ho-oh,,,1,1
251,celebi,,,1,1
252,treecko,,,1,0
253,grovyle,252,treecko,0,0
254,sceptile,253,grovyle,0,1
255,torchic,,,1,0
256,combusken,255,torchic,0,0
257,blaziken,256,combusken,0,1
258,mudkip,,,1,0
259,marshtomp,258,mudkip,0,0
260,swampert,259,marshtomp,0,1
261,poochyena,,,1,0
262,mightyena,261,poochyena,0,1
263,zigzagoon,,,1,0
264,linoone,263,zigzagoon,0,0
862,obstagoon,264,linoone,0,1
265,wurmple,,,1,0
266,silcoon,265,wurmple,0,0
267,beautifly,266,silcoon,0,1
268,cascoon,265,wurmple,0,0
269,dustox,268,cascoon,0,1
270,lotad,,,1,0
271,lombre,270,lotad,0,0
272,ludicolo,271,lombre,0,1
273,seedot,,,1,0
274,nuzleaf,273,seedot,0,0
275,shiftry,274,nuzleaf,0,1
276,taillow,,,1,0
277,swellow,276,taillow,0,1
278,wingull,,,1,0
279,pelipper,278,wingull,0,1
280,ralts,,,1,0
281,kirlia,280,ralts,0,0
282,gardevoir,281,kirlia,0,1
475,gallade,281,kirlia,0,1
283,surskit,,,1,0
284,masquerain,283,surskit,0,1
285,shroomish,,,1,0
286,breloom,285,shroomish,0,1
287,slakoth,,,1,0
288,vigoroth,287,slakoth,0,0
289,slaking,288,vigoroth,0,1
290,nincada,,,1,0
291,ninjask,290,nincada,0,1
292,shedinja,290,nincada,0,1
293,whismur,,,1,0
294,loudred,293,whismur,0,0
295,exploud,294,loudred,0,1
296,makuhita,,,1,0
297,hariyama,296,makuhita,0,1
299,nosepass,,,1,0
476,probopass,299,nosepass,0,1
300,skitty,,,1,0
301,delcatty,300,skitty,0,1
302,sableye,,,1,1
303,mawile,,,1,1
304,aron,,,1,0
305,lairon,304,aron,0,0
306,aggron,305,lairon,0,1
307,meditite,,,1,0
308,medicham,307,meditite,0,1
309,electrike,,,1,0
310,manectric,309,electrike,0,1
311,plusle,,,1,1
312,minun,,,1,1
313,volbeat,,,1,1
314,illumise,,,1,1
315,roselia,406,budew,0,0
406,budew,,,1,0
407,roserade,315,roselia,0,1
316,gulpin,,,1,0
317,swalot,316,gulpin,0,1
318,carvanha,,,1,0
319,sharpedo,318,carvanha,0,1
320,wailmer,,,1,0
321,wailord,320,wailmer,0,1
322,numel,,,1,0
323,camerupt,322,numel,0,1
324,torkoal,,,1,1
325,spoink,,,1,0
326,grumpig,325,spoink,0,1
327,spinda,,,1,1
328,trapinch,,,1,0
329,vibrava,328,trapinch,0,0
330,flygon,329,vibrava,0,1
331,cacnea,,,1,0
332,cacturne,331,cacnea,0,1
333,swablu,,,1,0
334,altaria,333,swablu,0,1
335,zangoose,,,1,1
336,seviper,,,1,1
337,lunatone,,,1,1
338,solrock,,,1,1
339,barboach,,,1,0
340,whiscash,339,barboach,0,1
341,corphish,,,1,0
342,crawdaunt,341,corphish,0,1
343,baltoy,,,1,0
344,claydol,343,baltoy,0,1
345,lileep,,,1,0
346,cradily,345,lileep,0,1
347,anorith,,,1,0
348,armaldo,347,anorith,0,1
349,feebas,,,1,0
350,milotic,349,feebas,0,1
351,castform,,,1,1
352,kecleon,,,1,1
353,shuppet,,,1,0
354,banette,353,shuppet,0,1
355,duskull,,,1,0
356,dusclops,355,duskull,0,0
477,dusknoir,356,dusclops,0,1
357,tropius,,,1,1
358,chimecho,433,chingling,0,1
433,chingling,,,1,0
359,absol,,,1,1
361,snorunt,,,1,0
362,glalie,361,snorunt,0,1
478,froslass,361,snorunt,0,1
363,spheal,,,1,0
364,sealeo,363,spheal,0,0
365,walrein,364,sealeo,0,1
366,clamperl,,,1,0
367,huntail,366,clamperl,0,1
368,gorebyss,366,clamperl,0,1
369,relicanth,,,1,1
370,luvdisc,,,1,1
371,bagon,,,1,0
372,shelgon,371,bagon,0,0
373,salamence,372,shelgon,0,1
374,beldum,,,1,0
375,metang,374,beldum,0,0
376,metagross,375,metang,0,1
377,regirock,,,1,1
378,regice,,,1,1
379,registeel,,,1,1
380,latias,,,1,1
381,latios,,,1,1
382,kyogre,,,1,1
383,groudon,,,1,1
384,rayquaza,,,1,1
385,jirachi,,,1,1
386,deoxys,,,1,1
387,turtwig,,,1,0
388,grotle,387,turtwig,0,0
389,torterra,388,grotle,0,1
390,chimchar,,,1,0
391,monferno,390,chimchar,0,0
392,infernape,391,monferno,0,1
393,piplup,,,1,0
394,prinplup,393,piplup,0,0
395,empoleon,394,prinplup,0,1
396,starly,,,1,0
397,staravia,396,starly,0,0
398,staraptor,397,staravia,0,1
399,bidoof,,,1,0
400,bibarel,399,bidoof,0,1
401,kricketot,,,1,0
402,kricketune,401,kricketot,0,1
403,shinx,,,1,0
404,luxio,403,shinx,0,0
405,luxray,404,luxio,0,1
408,cranidos,,,1,0
409,rampardos,408,cranidos,0,1
410,shieldon,,,1,0
411,bastiodon,410,shieldon,0,1
412,burmy,,,1,0
413,wormadam,412,burmy,0,1
414,mothim,412,burmy,0,1
415,combee,,,1,0
416,vespiquen,415,combee,0,1
417,pachirisu,,,1,1
418,buizel,,,1,0
419,floatzel,418,buizel,0,1
420,cherubi,,,1,0
421,cherrim,420,cherubi,0,1
422,shellos,,,1,0
423,gastrodon,422,shellos,0,1
425,drifloon,,,1,0
426,drifblim,425,drifloon,0,1
427,buneary,,,1,0
428,lopunny,427,buneary,0,1
431,glameow,,,1,0
432,purugly,431,glameow,0,1
434,stunky,,,1,0
435,skuntank,434,stunky,0,1
436,bronzor,,,1,0
437,bronzong,436,bronzor,0,1
441,chatot,,,1,1
442,spiritomb,,,1,1
443,gible,,,1,0
444,gabite,443,gible,0,0
445,garchomp,444,gabite,0,1
447,riolu,,,1,0
448,lucario,447,riolu,0,1
449,hippopotas,,,1,0
450,hippowdon,449,hippopotas,0,1
451,skorupi,,,1,0
452,drapion,451,skorupi,0,1
453,croagunk,,,1,0
454,toxicroak,453,croagunk,0,1
455,carnivine,,,1,1
456,finneon,,,1,0
457,lumineon,456,finneon,0,1
459,snover,,,1,0
460,abomasnow,459,snover,0,1
479,rotom,,,1,1
480,uxie,,,1,1
481,mesprit,,,1,1
482,azelf,,,1,1
483,dialga,,,1,1
484,palkia,,,1,1
485,heatran,,,1,1
486,regigigas,,,1,1
487,giratina,,,1,1
488,cresselia,,,1,1
489,phione,,,1,0
490,manaphy,489,phione,0,1
491,darkrai,,,1,1
492,shaymin,,,1,1
493,arceus,,,1,1
494,victini,,,1,1
495,snivy,,,1,0
496,servine,495,snivy,0,0
497,serperior,496,servine,0,1
498,tepig,,,1,0
499,pignite,498,tepig,0,0
500,emboar,499,pignite,0,1
501,oshawott,,,1,0
502,dewott,501,oshawott,0,0
503,samurott,502,dewott,0,1
504,patrat,,,1,0
505,watchog,504,patrat,0,1
506,lillipup,,,1,0
507,herdier,506,lillipup,0,0
508,stoutland,507,herdier,0,1
509,purrloin,,,1,0
510,liepard,509,purrloin,0,1
511,pansage,,,1,0
512,simisage,511,pansage,0,1
513,pansear,,,1,0
514,simisear,513,pansear,0,1
515,panpour,,,1,0
516,simipour,515,panpour,0,1
517,munna,,,1,0
518,musharna,517,munna,0,1
519,pidove,,,1,0
520,tranquill,519,pidove,0,0
521,unfezant,520,tranquill,0,1
522,blitzle,,,1,0
523,zebstrika,522,blitzle,0,1
524,roggenrola,,,1,0
525,boldore,524,roggenrola,0,0
526,gigalith,525,boldore,0,1
527,woobat,,,1,0
528,swoobat,527,woobat,0,1
529,drilbur,,,1,0
530,excadrill,529,drilbur,0,1
531,audino,,,1,1
532,timburr,,,1,0
533,gurdurr,532,timburr,0,0
534,conkeldurr,533,gurdurr,0,1
535,tympole,,,1,0
536,palpitoad,535,tympole,0,0
537,seismitoad,536,palpitoad,0,1
538,throh,,,1,1
539,sawk,,,1,1
540,sewaddle,,,1,0
541,swadloon,540,sewaddle,0,0
542,leavanny,541,swadloon,0,1
543,venipede,,,1,0
544,whirlipede,543,venipede,0,0
545,scolipede,544,whirlipede,0,1
546,cottonee,,,1,0
547,whimsicott,546,cottonee,0,1
548,petilil,,,1,0
549,lilligant,548,petilil,0,1
550,basculin,,,1,0
902,basculegion,550,basculin,0,1
551,sandile,,,1,0
552,krokorok,551,sandile,0,0
553,krookodile,552,krokorok,0,1
554,darumaka,,,1,0
555,darmanitan,554,darumaka,0,1
556,maractus,,,1,1
557,dwebble,,,1,0
558,crustle,557,dwebble,0,1
559,scraggy,,,1,0
560,scrafty,559,scraggy,0,1
561,sigilyph,,,1,1
562,yamask,,,1,0
563,cofagrigus,562,yamask,0,1
867,runerigus,562,yamask,0,1
564,tirtouga,,,1,0
565,carracosta,564,tirtouga,0,1
566,archen,,,1,0
567,archeops,566,archen,0,1
568,trubbish,,,1,0
569,garbodor,568,trubbish,0,1
570,zorua,,,1,0
571,zoroark,570,zorua,0,1
572,minccino,,,1,0
573,cinccino,572,minccino,0,1
574,gothita,,,1,0
575,gothorita,574,gothita,0,0
576,gothitelle,575,gothorita,0,1
577,solosis,,,1,0
578,duosion,577,solosis,0,0
579,reuniclus,578,duosion,0,1
580,ducklett,,,1,0
581,swanna,580,ducklett,0,1
582,vanillite,,,1,0
583,vanillish,582,vanillite,0,0
584,vanilluxe,583,vanillish,0,1
585,deerling,,,1,0
586,sawsbuck,585,deerling,0,1
587,emolga,,,1,1
588,karrablast,,,1,0
589,escavalier,588,karrablast,0,1
590,foongus,,,1,0
591,amoonguss,590,foongus,0,1
592,frillish,,,1,0
593,jellicent,592,frillish,0,1
594,alomomola,,,1,1
595,joltik,,,1,0
596,galvantula,595,joltik,0,1
597,ferroseed,,,1,0
598,ferrothorn,597,ferroseed,0,1
599,klink,,,1,0
600,klang,599,klink,0,0
601,klinklang,600,klang,0,1
602,tynamo,,,1,0
603,eelektrik,602,tynamo,0,0
604,eelektross,603,eelektrik,0,1
605,elgyem,,,1,0
606,beheeyem,605,elgyem,0,1
607,litwick,,,1,0
608,lampent,607,litwick,0,0
609,chandelure,608,lampent,0,1
610,axew,,,1,0
611,fraxure,610,axew,0,0
612,haxorus,611,fraxure,0,1
613,cubchoo,,,1,0
614,beartic,613,cubchoo,0,1
615,cryogonal,,,1,1
616,shelmet,,,1,0
617,accelgor,616,shelmet,0,1
618,stunfisk,,,1,1
619,mienfoo,,,1,0
620,mienshao,619,mienfoo,0,1
621,druddigon,,,1,1
622,golett,,,1,0
623,golurk,622,golett,0,1
624,pawniard,,,1,0
625,bisharp,624,pawniard,0,0
983,kingambit,625,bisharp,0,1
626,bouffalant,,,1,1
627,rufflet,,,1,0
628,braviary,627,rufflet,0,1
629,vullaby,,,1,0
630,mandibuzz,629,vullaby,0,1
631,heatmor,,,1,1
632,durant,,,1,1
633,deino,,,1,0
634,zweilous,633,deino,0,0
635,hydreigon,634,zweilous,0,1
636,larvesta,,,1,0
637,volcarona,636,larvesta,0,1
638,cobalion,,,1,1
639,terrakion,,,1,1
640,virizion,,,1,1
641,tornadus,,,1,1
642,thundurus,,,1,1
643,reshiram,,,1,1
644,zekrom,,,1,1
645,landorus,,,1,1
646,kyurem,,,1,1
647,keldeo,,,1,1
648,meloetta,,,1,1
649,genesect,,,1,1
650,chespin,,,1,0
651,quilladin,650,chespin,0,0
652,chesnaught,651,quilladin,0,1
653,fennekin,,,1,0
654,braixen,653,fennekin,0,0
655,delphox,654,braixen,0,1
656,froakie,,,1,0
657,frogadier,656,froakie,0,0
658,greninja,657,frogadier,0,1
659,bunnelby,,,1,0
660,diggersby,659,bunnelby,0,1
661,fletchling,,,1,0
662,fletchinder,661,fletchling,0,0
663,talonflame,662,fletchinder,0,1
664,scatterbug,,,1,0
665,spewpa,664,scatterbug,0,0
666,vivillon,665,spewpa,0,1
667,litleo,,,1,0
668,pyroar,667,litleo,0,1
669,flabebe,,,1,0
670,floette,669,flabebe,0,0
671,florges,670,floette,0,1
672,skiddo,,,1,0
673,gogoat,672,skiddo,0,1
674,pancham,,,1,0
675,pangoro,674,pancham,0,1
676,furfrou,,,1,1
677,espurr,,,1,0
678,meowstic,677,espurr,0,1
679,honedge,,,1,0
680,doublade,679,honedge,0,0
681,aegislash,680,doublade,0,1
682,spritzee,,,1,0
683,aromatisse,682,spritzee,0,1
684,swirlix,,,1,0
685,slurpuff,684,swirlix,0,1
686,inkay,,,1,0
687,malamar,686,inkay,0,1
688,binacle,,,1,0
689,barbaracle,688,binacle,0,1
690,skrelp,,,1,0
691,dragalge,690,skrelp,0,1
692,clauncher,,,1,0
693,clawitzer,692,clauncher,0,1
694,helioptile,,,1,0
695,heliolisk,694,helioptile,0,1
696,tyrunt,,,1,0
697,tyrantrum,696,tyrunt,0,1
698,amaura,,,1,0
699,aurorus,698,amaura,0,1
701,hawlucha,,,1,1
702,dedenne,,,1,1
703,carbink,,,1,1
704,goomy,,,1,0
705,sliggoo,704,goomy,0,0
706,goodra,705,sliggoo,0,1
707,klefki,,,1,1
708,phantump,,,1,0
709,trevenant,708,phantump,0,1
710,pumpkaboo,,,1,0
711,gourgeist,710,pumpkaboo,0,1
712,bergmite,,,1,0
713,avalugg,712,bergmite,0,1
714,noibat,,,1,0
715,noivern,714,noibat,0,1
716,xerneas,,,1,1
717,yveltal,,,1,1
718,zygarde,,,1,1
719,diancie,,,1,1
720,hoopa,,,1,1
721,volcanion,,,1,1
722,rowlet,,,1,0
723,dartrix,722,rowlet,0,0
724,decidueye,723,dartrix,0,1
725,litten,,,1,0
726,torracat,725,litten,0,0
727,incineroar,726,torracat,0,1
728,popplio,,,1,0
729,brionne,728,popplio,0,0
730,primarina,729,brionne,0,1
731,pikipek,,,1,0
732,trumbeak,731,pikipek,0,0
733,toucannon,732,trumbeak,0,1
734,yungoos,,,1,0
735,gumshoos,734,yungoos,0,1
736,grubbin,,,1,0
737,charjabug,736,grubbin,0,0
738,vikavolt,737,charjabug,0,1
739,crabrawler,,,1,0
740,crabominable,739,crabrawler,0,1
741,oricorio,,,1,1
742,cutiefly,,,1,0
743,ribombee,742,cutiefly,0,1
744,rockruff,,,1,0
745,lycanroc,744,rockruff,0,1
746,wishiwashi,,,1,1
747,mareanie,,,1,0
748,toxapex,747,mareanie,0,1
749,mudbray,,,1,0
750,mudsdale,749,mudbray,0,1
751,dewpider,,,1,0
752,araquanid,751,dewpider,0,1
753,fomantis,,,1,0
754,lurantis,753,fomantis,0,1
755,morelull,,,1,0
756,shiinotic,755,morelull,0,1
757,salandit,,,1,0
758,salazzle,757,salandit,0,1
759,stufful,,,1,0
760,bewear,759,stufful,0,1
761,bounsweet,,,1,0
762,steenee,761,bounsweet,0,0
763,tsareena,762,steenee,0,1
764,comfey,,,1,1
765,oranguru,,,1,1
766,passimian,,,1,1
767,wimpod,,,1,0
768,golisopod,767,wimpod,0,1
769,sandygast,,,1,0
770,palossand,769,sandygast,0,1
771,pyukumuku,,,1,1
772,type-null,,,1,0
773,silvally,772,type-null,0,1
774,minior,,,1,1
775,komala,,,1,1
776,turtonator,,,1,1
777,togedemaru,,,1,1
778,mimikyu,,,1,1
779,bruxish,,,1,1
780,drampa,,,1,1
781,dhelmise,,,1,1
782,jangmo-o,,,1,0
783,hakamo-o,782,jangmo-o,0,0
784,kommo-o,783,hakamo-o,0,1
785,tapu-koko,,,1,1
786,tapu-lele,,,1,1
787,tapu-bulu,,,1,1
788,tapu-fini,,,1,1
789,cosmog,,,1,0
790,cosmoem,789,cosmog,0,0
791,solgaleo,790,cosmoem,0,1
792,lunala,790,cosmoem,0,1
793,nihilego,,,1,1
794,buzzwole,,,1,1
795,pheromosa,,,1,1
796,xurkitree,,,1,1
797,celesteela,,,1,1
798,kartana,,,1,1
799,guzzlord,,,1,1
800,necrozma,,,1,1
801,magearna,,,1,1
802,marshadow,,,1,1
803,poipole,,,1,0
804,naganadel,803,poipole,0,1
805,stakataka,,,1,1
806,blacephalon,,,1,1
807,zeraora,,,1,1
808,meltan,,,1,1
809,melmetal,,,1,1
810,grookey,,,1,0
811,thwackey,810,grookey,0,0
812,rillaboom,811,thwackey,0,1
813,scorbunny,,,1,0
814,raboot,813,scorbunny,0,0
815,cinderace,814,raboot,0,1
816,sobble,,,1,0
817,drizzile,816,sobble,0,0
818,inteleon,817,drizzile,0,1
819,skwovet,,,1,0
820,greedent,819,skwovet,0,1
821,rookidee,,,1,0
822,corvisquire,821,rookidee,0,0
823,corviknight,822,corvisquire,0,1
824,blipbug,,,1,0
825,dottler,824,blipbug,0,0
826,orbeetle,825,dottler,0,1
827,nickit,,,1,0
828,thievul,827,nickit,0,1
829,gossifleur,,,1,0
830,eldegoss,829,gossifleur,0,1
831,wooloo,,,1,0
832,dubwool,831,wooloo,0,1
833,chewtle,,,1,0
834,drednaw,833,chewtle,0,1
835,yamper,,,1,0
836,boltund,835,yamper,0,1
837,rolycoly,,,1,0
838,carkol,837,rolycoly,0,0
839,coalossal,838,carkol,0,1
840,applin,,,1,0
841,flapple,840,applin,0,1
842,appletun,840,applin,0,1
1011,dipplin,840,applin,0,0
1019,hydrapple,1011,dipplin,0,1
843,silicobra,,,1,0
844,sandaconda,843,silicobra,0,1
845,cramorant,,,1,1
846,arrokuda,,,1,0
847,barraskewda,846,arrokuda,0,1
848,toxel,,,1,0
849,toxtricity,848,toxel,0,1
850,sizzlipede,,,1,0
851,centiskorch,850,sizzlipede,0,1
852,clobbopus,,,1,0
853,grapploct,852,clobbopus,0,1
854,sinistea,,,1,0
855,polteageist,854,sinistea,0,1
856,hatenna,,,1,0
857,hattrem,856,hatenna,0,0
858,hatterene,857,hattrem,0,1
859,impidimp,,,1,0
860,morgrem,859,impidimp,0,0
861,grimmsnarl,860,morgrem,0,1
868,milcery,,,1,0
869,alcremie,868,milcery,0,1
870,falinks,,,1,1
871,pincurchin,,,1,1
872,snom,,,1,0
873,frosmoth,872,snom,0,1
874,stonjourner,,,1,1
875,eiscue,,,1,1
876,indeedee,,,1,1
877,morpeko,,,1,1
878,cufant,,,1,0
879,copperajah,878,cufant,0,1
880,dracozolt,,,1,1
881,arctozolt,,,1,1
882,dracovish,,,1,1
883,arctovish,,,1,1
884,duraludon,,,1,0
1018,archaludon,884,duraludon,0,1
885,dreepy,,,1,0
886,drakloak,885,dreepy,0,0
887,dragapult,886,drakloak,0,1
888,zacian,,,1,1
889,zamazenta,,,1,1
890,eternatus,,,1,1
891,kubfu,,,1,0
892,urshifu,891,kubfu,0,1
893,zarude,,,1,1
894,regieleki,,,1,1
895,regidrago,,,1,1
896,glastrier,,,1,1
897,spectrier,,,1,1
898,calyrex,,,1,1
905,enamorus,,,1,1
906,sprigatito,,,1,0
907,floragato,906,sprigatito,0,0
908,meowscarada,907,floragato,0,1
909,fuecoco,,,1,0
910,crocalor,909,fuecoco,0,0
911,skeledirge,910,crocalor,0,1
912,quaxly,,,1,0
913,quaxwell,912,quaxly,0,0
914,quaquaval,913,quaxwell,0,1
915,lechonk,,,1,0
916,oinkologne,915,lechonk,0,1
917,tarountula,,,1,0
918,spidops,917,tarountula,0,1
919,nymble,,,1,0
920,lokix,919,nymble,0,1
921,pawmi,,,1,0
922,pawmo,921,pawmi,0,0
923,pawmot,922,pawmo,0,1
924,tandemaus,,,1,0
925,maushold,924,tandemaus,0,1
926,fidough,,,1,0
927,dachsbun,926,fidough,0,1
928,smoliv,,,1,0
929,dolliv,928,smoliv,0,0
930,arboliva,929,dolliv,0,1
931,squawkabilly,,,1,1
932,nacli,,,1,0
933,naclstack,932,nacli,0,0
934,garganacl,933,naclstack,0,1
935,charcadet,,,1,0
936,armarouge,935,charcadet,0,1
937,ceruledge,935,charcadet,0,1
938,tadbulb,,,1,0
939,bellibolt,938,tadbulb,0,1
940,wattrel,,,1,0
941,kilowattrel,940,wattrel,0,1
942,maschiff,,,1,0
943,mabosstiff,942,maschiff,0,1
944,shroodle,,,1,0
945,grafaiai,944,shroodle,0,1
946,bramblin,,,1,0
947,brambleghast,946,bramblin,0,1
948,toedscool,,,1,0
949,toedscruel,948,toedscool,0,1
950,klawf,,,1,1
951,capsakid,,,1,0
952,scovillain,951,capsakid,0,1
953,rellor,,,1,0
954,rabsca,953,rellor,0,1
955,flittle,,,1,0
956,espathra,955,flittle,0,1
957,tinkatink,,,1,0
958,tinkatuff,957,tinkatink,0,0
959,tinkaton,958,tinkatuff,0,1
960,wiglett,,,1,0
961,wugtrio,960,wiglett,0,1
962,bombirdier,,,1,1
963,finizen,,,1,0
964,palafin,963,finizen,0,1
965,varoom,,,1,0
966,revavroom,965,varoom,0,1
967,cyclizar,,,1,1
968,orthworm,,,1,1
969,glimmet,,,1,0
970,glimmora,969,glimmet,0,1
971,greavard,,,1,0
972,houndstone,971,greavard,0,1
973,flamigo,,,1,1
974,cetoddle,,,1,0
975,cetitan,974,cetoddle,0,1
976,veluza,,,1,1
977,dondozo,,,1,1
978,tatsugiri,,,1,1
984,great-tusk,,,1,1
985,scream-tail,,,1,1
986,brute-bonnet,,,1,1
987,flutter-mane,,,1,1
988,slither-wing,,,1,1
989,sandy-shocks,,,1,1
990,iron-treads,,,1,1
991,iron-bundle,,,1,1
992,iron-hands,,,1,1
993,iron-jugulis,,,1,1
994,iron-moth,,,1,1
995,iron-thorns,,,1,1
996,frigibax,,,1,0
997,arctibax,996,frigibax,0,0
998,baxcalibur,997,arctibax,0,1
999,gimmighoul,,,1,0
1000,gholdengo,999,gimmighoul,0,1
1001,wo-chien,,,1,1
1002,chien-pao,,,1,1
1003,ting-lu,,,1,1
1004,chi-yu,,,1,1
1005,roaring-moon,,,1,1
1006,iron-valiant,,,1,1
1007,koraidon,,,1,1
1008,miraidon,,,1,1
1009,walking-wake,,,1,1
1010,iron-leaves,,,1,1
1012,poltchageist,,,1,0
1013,sinistcha,1012,poltchageist,0,1
1014,okidogi,,,1,1
1015,munkidori,,,1,1
1016,fezandipiti,,,1,1
1017,ogerpon,,,1,1
1020,gouging-fire,,,1,1
1021,raging-bolt,,,1,1
1023,iron-crown,,,1,1
1022,iron-boulder,,,1,1
1024,terapagos,,,1,1
1025,pecharunt,,,1,1
