id,numeral,name,species_id,primary_type,secondary_type,hp,attack,defense,special_attack,special_defense,speed,bst,height,weight,base_experience
1,1,bulbasaur,1,grass,poison,45,49,49,65,65,45,318,70,6900,64
2,2,ivysaur,2,grass,poison,60,62,63,80,80,60,405,100,13000,142
3,3,venusaur,3,grass,poison,80,82,83,100,100,80,525,200,100000,236
4,5,charmander,4,fire,None,39,52,43,60,50,65,309,60,8500,62
5,6,charmeleon,5,fire,None,58,64,58,80,65,80,405,110,19000,142
6,7,charizard,6,fire,flying,78,84,78,109,85,100,534,170,90500,240
7,10,squirtle,7,water,None,44,48,65,50,64,43,314,50,9000,63
8,11,wartortle,8,water,None,59,63,80,65,80,58,405,100,22500,142
9,12,blastoise,9,water,None,79,83,100,85,105,78,530,160,85500,239
10,14,caterpie,10,bug,None,45,30,35,20,20,45,195,30,2900,39
11,15,metapod,11,bug,None,50,20,55,25,25,30,205,70,9900,72
12,16,butterfree,12,bug,flying,60,45,50,90,80,70,395,110,32000,178
13,17,weedle,13,bug,poison,40,35,30,20,20,50,195,30,3200,39
14,18,kakuna,14,bug,poison,45,25,50,25,25,35,205,60,10000,72
15,19,beedrill,15,bug,poison,65,90,40,45,80,75,395,100,29500,178
16,21,pidgey,16,normal,flying,40,45,40,35,35,56,251,30,1800,50
17,22,pidgeotto,17,normal,flying,63,60,55,50,50,71,349,110,30000,122
18,23,pidgeot,18,normal,flying,83,80,75,70,70,101,479,150,39500,216
19,25,rattata,19,normal,None,30,56,35,25,35,72,253,30,3500,51
20,27,raticate,20,normal,None,55,81,60,50,70,97,413,70,18500,145
21,30,spearow,21,normal,flying,40,60,30,31,31,70,262,30,2000,52
22,31,fearow,22,normal,flying,65,90,65,61,61,100,442,120,38000,155
23,32,ekans,23,poison,None,35,60,44,40,54,55,288,200,6900,58
24,33,arbok,24,poison,None,60,95,69,65,79,80,448,350,65000,157
25,35,pikachu,25,electric,None,35,55,40,50,50,90,320,40,6000,112
26,51,raichu,26,electric,None,60,90,55,90,80,110,485,80,30000,218
27,53,sandshrew,27,ground,None,50,75,85,20,30,40,300,60,12000,60
28,55,sandslash,28,ground,None,75,100,110,45,55,65,450,100,29500,158
29,57,nidoran-f,29,poison,None,55,47,52,40,40,41,275,40,7000,55
30,58,nidorina,30,poison,None,70,62,67,55,55,56,365,80,20000,128
31,59,nidoqueen,31,poison,ground,90,92,87,75,85,76,505,130,60000,227
32,60,nidoran-m,32,poison,None,46,57,40,40,40,50,273,50,9000,55
33,61,nidorino,33,poison,None,61,72,57,55,55,65,365,90,19500,128
34,62,nidoking,34,poison,ground,81,102,77,85,75,85,505,140,62000,227
35,64,clefairy,35,fairy,None,70,45,48,60,65,35,323,60,7500,113
36,65,clefable,36,fairy,None,95,70,73,95,90,60,483,130,40000,217
37,66,vulpix,37,fire,None,38,41,40,50,65,65,299,60,9900,60
38,68,ninetales,38,fire,None,73,76,75,81,100,100,505,110,19900,177
39,71,jigglypuff,39,normal,fairy,115,45,20,45,25,20,270,50,5500,95
40,72,wigglytuff,40,normal,fairy,140,70,45,85,50,45,435,100,12000,196
41,73,zubat,41,poison,flying,40,45,35,30,40,55,245,80,7500,49
42,74,golbat,42,poison,flying,75,80,70,65,75,90,455,160,55000,159
43,76,oddish,43,grass,poison,45,50,55,75,65,30,320,50,5400,64
44,77,gloom,44,grass,poison,60,65,70,85,75,40,395,80,8600,138
45,78,vileplume,45,grass,poison,75,80,85,110,90,50,490,120,18600,221
46,80,paras,46,bug,grass,35,70,55,45,55,25,285,30,5400,57
47,81,parasect,47,bug,grass,60,95,80,60,80,30,405,100,29500,142
48,82,venonat,48,bug,poison,60,55,50,40,55,45,305,100,30000,61
49,83,venomoth,49,bug,poison,70,65,60,90,75,90,450,150,12500,158
50,84,diglett,50,ground,None,10,55,25,35,45,95,265,20,800,53
51,86,dugtrio,51,ground,None,35,100,50,50,70,120,425,70,33300,149
52,88,meowth,52,normal,None,40,45,35,40,40,90,290,40,4200,58
53,91,persian,53,normal,None,65,70,60,65,65,115,440,100,32000,154
54,93,psyduck,54,water,None,50,52,48,65,50,55,320,80,19600,64
55,94,golduck,55,water,None,80,82,78,95,80,85,500,170,76600,175
56,95,mankey,56,fighting,None,40,80,35,35,45,70,305,50,28000,61
57,96,primeape,57,fighting,None,65,105,60,60,70,95,455,100,32000,159
58,97,growlithe,58,fire,None,55,70,45,70,50,60,350,70,19000,70
59,98,arcanine,59,fire,None,90,110,80,100,80,95,555,190,155000,194
60,99,poliwag,60,water,None,40,50,40,40,40,90,300,60,12400,60
61,100,poliwhirl,61,water,None,65,65,65,50,50,90,385,100,20000,135
62,101,poliwrath,62,water,fighting,90,95,95,70,90,70,510,130,54000,230
63,103,abra,63,psychic,None,25,20,15,105,55,90,310,90,19500,62
64,104,kadabra,64,psychic,None,40,35,30,120,70,105,400,130,56500,140
65,105,alakazam,65,psychic,None,55,50,45,135,95,120,500,150,48000,225
66,107,machop,66,fighting,None,70,80,50,35,35,35,305,80,19500,61
67,108,machoke,67,fighting,None,80,100,70,50,60,45,405,150,70500,142
68,109,machamp,68,fighting,None,90,130,80,65,85,55,505,160,130000,227
69,110,bellsprout,69,grass,poison,50,75,35,70,30,40,300,70,4000,60
70,111,weepinbell,70,grass,poison,65,90,50,85,45,55,390,100,6400,137
71,112,victreebel,71,grass,poison,80,105,65,100,70,70,490,170,15500,221
72,113,tentacool,72,water,poison,40,40,35,50,100,70,335,90,45500,67
73,114,tentacruel,73,water,poison,80,70,65,80,120,100,515,160,55000,180
74,115,geodude,74,rock,ground,40,80,100,30,30,20,300,40,20000,60
75,117,graveler,75,rock,ground,55,95,115,45,45,35,390,100,105000,137
76,119,golem,76,rock,ground,80,120,130,55,65,45,495,140,300000,223
77,121,ponyta,77,fire,None,50,85,55,65,65,90,410,100,30000,82
78,123,rapidash,78,fire,None,65,100,70,80,80,105,500,170,95000,175
79,125,slowpoke,79,water,psychic,90,65,65,40,40,15,315,120,36000,63
80,127,slowbro,80,water,psychic,95,75,110,100,80,30,490,160,78500,172
81,132,magnemite,81,electric,steel,25,35,70,95,55,45,325,30,6000,65
82,133,magneton,82,electric,steel,50,60,95,120,70,70,465,100,60000,163
83,135,farfetchd,83,normal,flying,52,90,55,58,62,60,377,80,15000,132
84,137,doduo,84,normal,flying,35,85,45,35,35,75,310,140,39200,62
85,138,dodrio,85,normal,flying,60,110,70,60,60,110,470,180,85200,165
86,139,seel,86,water,None,65,45,55,45,70,45,325,110,90000,65
87,140,dewgong,87,water,ice,90,70,80,70,95,70,475,170,120000,166
88,141,grimer,88,poison,None,80,80,50,40,50,25,325,90,30000,65
89,143,muk,89,poison,None,105,105,75,65,100,50,500,120,30000,175
90,145,shellder,90,water,None,30,65,100,45,25,40,305,30,4000,61
91,146,cloyster,91,water,ice,50,95,180,85,45,70,525,150,132500,184
92,147,gastly,92,ghost,poison,30,35,30,100,35,80,310,130,100,62
93,148,haunter,93,ghost,poison,45,50,45,115,55,95,405,160,100,142
94,149,gengar,94,ghost,poison,60,65,60,130,75,110,500,150,40500,225
95,151,onix,95,rock,ground,35,45,160,30,45,70,385,880,210000,77
96,154,drowzee,96,psychic,None,60,48,45,43,90,42,328,100,32400,66
97,155,hypno,97,psychic,None,85,73,70,73,115,67,483,160,75600,169
98,156,krabby,98,water,None,30,105,90,25,25,50,325,40,6500,65
99,157,kingler,99,water,None,55,130,115,50,50,75,475,130,60000,166
100,158,voltorb,100,electric,None,40,30,50,55,55,100,330,50,10400,66
101,159,electrode,101,electric,None,60,50,70,80,80,150,490,120,66600,172
102,160,exeggcute,102,grass,psychic,60,40,80,60,45,40,325,40,2500,65
103,161,exeggutor,103,grass,psychic,95,95,85,125,75,55,530,200,120000,186
104,163,cubone,104,ground,None,50,50,95,40,50,35,320,40,6500,64
105,164,marowak,105,ground,None,60,80,110,50,80,45,425,100,45000,149
106,168,hitmonlee,106,fighting,None,50,120,53,35,110,87,455,150,49800,159
107,169,hitmonchan,107,fighting,None,50,105,79,35,110,76,455,140,50200,159
108,171,lickitung,108,normal,None,90,55,75,60,75,30,385,120,65500,77
109,173,koffing,109,poison,None,40,65,95,60,45,35,340,60,1000,68
110,174,weezing,110,poison,None,65,90,120,85,70,60,490,120,9500,172
111,176,rhyhorn,111,ground,rock,80,85,95,30,30,25,345,100,115000,69
112,177,rhydon,112,ground,rock,105,130,120,45,45,40,485,190,120000,170
113,180,chansey,113,normal,None,250,5,5,35,105,50,450,110,34600,395
114,182,tangela,114,grass,None,65,55,115,100,40,60,435,100,35000,87
115,184,kangaskhan,115,normal,None,105,95,80,40,80,90,490,220,80000,172
116,186,horsea,116,water,None,30,40,70,70,25,60,295,40,8000,59
117,187,seadra,117,water,None,55,65,95,95,45,85,440,120,25000,154
118,189,goldeen,118,water,None,45,67,60,35,50,63,320,60,15000,64
119,190,seaking,119,water,None,80,92,65,65,80,68,450,130,39000,158
120,191,staryu,120,water,None,30,45,55,70,55,85,340,80,34500,68
121,192,starmie,121,water,psychic,60,75,85,100,85,115,520,110,80000,182
122,194,mr-mime,122,psychic,fairy,40,45,65,100,120,90,460,130,54500,161
123,196,scyther,123,bug,flying,70,110,80,55,80,105,500,150,56000,100
124,200,jynx,124,ice,psychic,65,50,35,115,95,95,455,140,40600,159
125,202,electabuzz,125,electric,None,65,83,57,95,85,105,490,110,30000,172
126,205,magmar,126,fire,None,65,95,57,100,85,93,495,130,44500,173
127,207,pinsir,127,bug,None,65,125,100,55,70,85,500,150,55000,175
128,209,tauros,128,normal,None,75,100,95,40,70,110,490,140,88400,172
129,210,magikarp,129,water,None,20,10,55,15,20,80,200,90,10000,40
130,211,gyarados,130,water,flying,95,125,79,60,100,81,540,650,235000,189
131,213,lapras,131,water,ice,130,85,80,85,95,60,535,250,220000,187
132,214,ditto,132,normal,None,48,48,48,48,48,48,288,30,4000,101
133,215,eevee,133,normal,None,55,55,50,45,65,55,325,30,6500,65
134,217,vaporeon,134,water,None,130,65,60,110,95,65,525,100,29000,184
135,218,jolteon,135,electric,None,65,65,60,110,95,130,525,80,24500,184
136,219,flareon,136,fire,None,65,130,60,95,110,65,525,90,25000,184
137,225,porygon,137,normal,None,65,60,70,85,75,40,395,80,36500,79
138,228,omanyte,138,rock,water,35,40,100,90,55,35,355,40,7500,71
139,229,omastar,139,rock,water,70,60,125,115,70,55,495,100,35000,173
140,230,kabuto,140,rock,water,30,80,90,55,45,55,355,50,11500,71
141,231,kabutops,141,rock,water,60,115,105,65,70,80,495,130,40500,173
142,232,aerodactyl,142,rock,flying,80,105,65,60,75,130,515,180,59000,180
143,235,snorlax,143,normal,None,160,110,65,65,110,30,540,210,460000,189
144,236,articuno,144,ice,flying,90,85,100,95,125,85,580,170,55400,261
145,238,zapdos,145,electric,flying,90,90,85,125,90,100,580,160,52600,261
146,240,moltres,146,fire,flying,90,100,90,125,85,90,580,200,60000,261
147,242,dratini,147,dragon,None,41,64,45,50,50,50,300,180,3300,60
148,243,dragonair,148,dragon,None,61,84,65,70,70,70,420,400,16500,147
149,244,dragonite,149,dragon,flying,91,134,95,100,100,80,600,220,210000,270
150,245,mewtwo,150,psychic,None,106,110,90,154,90,130,680,200,122000,306
151,248,mew,151,psychic,None,100,100,100,100,100,100,600,40,4000,270
152,249,chikorita,152,grass,None,45,49,65,49,65,45,318,90,6400,64
153,250,bayleef,153,grass,None,60,62,80,63,80,60,405,120,15800,142
154,251,meganium,154,grass,None,80,82,100,83,100,80,525,180,100500,236
155,252,cyndaquil,155,fire,None,39,52,43,60,50,65,309,50,7900,62
156,253,quilava,156,fire,None,58,64,58,80,65,80,405,90,19000,142
157,254,typhlosion,157,fire,None,78,84,78,109,85,100,534,170,79500,240
158,255,totodile,158,water,None,50,65,64,44,48,43,314,60,9500,63
159,256,croconaw,159,water,None,65,80,80,59,63,58,405,110,25000,142
160,257,feraligatr,160,water,None,85,105,100,79,83,78,530,230,88800,239
161,258,sentret,161,normal,None,35,46,34,35,45,20,215,80,6000,43
162,259,furret,162,normal,None,85,76,64,45,55,90,415,180,32500,145
163,260,hoothoot,163,normal,flying,60,30,30,36,56,50,262,70,21200,52
164,261,noctowl,164,normal,flying,100,50,50,86,96,70,452,160,40800,158
165,262,ledyba,165,bug,flying,40,20,30,40,80,55,265,100,10800,53
166,263,ledian,166,bug,flying,55,35,50,55,110,85,390,140,35600,137
167,264,spinarak,167,bug,poison,40,60,40,40,40,30,250,50,8500,50
168,265,ariados,168,bug,poison,70,90,70,60,70,40,400,110,33500,140
169,75,crobat,169,poison,flying,85,90,80,70,80,130,535,180,75000,241
170,266,chinchou,170,water,electric,75,38,38,56,56,67,330,50,12000,66
171,267,lanturn,171,water,electric,125,58,58,76,76,67,460,120,22500,161
172,34,pichu,172,electric,None,20,40,15,35,35,60,205,30,2000,41
173,63,cleffa,173,fairy,None,50,25,28,45,55,15,218,30,3000,44
174,70,igglybuff,174,normal,fairy,90,30,15,40,20,15,210,30,1000,42
175,268,togepi,175,fairy,None,35,20,65,40,65,20,245,30,1500,49
176,269,togetic,176,fairy,flying,55,40,85,80,105,40,405,60,3200,142
177,271,natu,177,psychic,flying,40,50,45,70,45,70,320,20,2000,64
178,272,xatu,178,psychic,flying,65,75,70,95,70,95,470,150,15000,165
179,273,mareep,179,electric,None,55,40,40,65,45,35,280,60,7800,56
180,274,flaaffy,180,electric,None,70,55,55,80,60,45,365,80,13300,128
181,275,ampharos,181,electric,None,90,75,85,115,90,55,510,140,61500,230
182,79,bellossom,182,grass,None,75,80,95,90,100,50,490,40,5800,221
183,278,marill,183,water,fairy,70,20,50,20,50,40,250,40,8500,88
184,279,azumarill,184,water,fairy,100,50,80,60,80,50,420,80,28500,189
185,281,sudowoodo,185,rock,None,70,100,115,30,65,30,410,120,38000,144
186,102,politoed,186,water,None,90,75,75,90,100,70,500,110,33900,225
187,282,hoppip,187,grass,flying,35,35,40,35,55,50,250,40,500,50
188,283,skiploom,188,grass,flying,55,45,50,45,65,80,340,60,1000,119
189,284,jumpluff,189,grass,flying,75,55,70,55,95,110,460,80,3000,207
190,285,aipom,190,normal,None,55,70,55,40,55,85,360,80,11500,72
191,287,sunkern,191,grass,None,30,30,30,30,30,30,180,30,1800,36
192,288,sunflora,192,grass,None,75,75,55,105,85,30,425,80,8500,149
193,289,yanma,193,bug,flying,65,65,45,75,45,95,390,120,38000,78
194,291,wooper,194,water,ground,55,45,45,25,25,15,210,40,8500,42
195,292,quagsire,195,water,ground,95,85,85,65,65,35,430,140,75000,151
196,220,espeon,196,psychic,None,65,65,60,130,95,110,525,90,26500,184
197,221,umbreon,197,dark,None,95,65,110,60,130,65,525,100,27000,184
198,293,murkrow,198,dark,flying,60,85,42,85,42,91,405,50,2100,81
199,130,slowking,199,water,psychic,95,75,80,100,110,30,490,200,79500,172
200,295,misdreavus,200,ghost,None,60,60,60,85,85,85,435,70,1000,87
201,297,unown,201,psychic,None,48,72,48,72,48,48,336,50,5000,118
202,299,wobbuffet,202,psychic,None,190,33,58,33,58,33,405,130,28500,142
203,300,girafarig,203,normal,psychic,70,80,65,90,65,85,455,150,41500,159
204,301,pineco,204,bug,None,50,65,90,35,35,15,290,60,7200,58
205,302,forretress,205,bug,steel,75,90,140,60,60,40,465,120,125800,163
206,303,dunsparce,206,normal,None,100,70,70,65,65,45,415,150,14000,145
207,304,gligar,207,ground,flying,65,75,105,35,65,85,430,110,64800,86
208,152,steelix,208,steel,ground,75,85,200,55,65,30,510,920,400000,179
209,306,snubbull,209,fairy,None,60,80,50,40,40,30,300,60,7800,60
210,307,granbull,210,fairy,None,90,120,75,60,60,45,450,140,48700,158
211,308,qwilfish,211,water,poison,65,95,85,55,55,85,440,50,3900,88
212,197,scizor,212,bug,steel,70,130,100,55,80,65,500,180,118000,175
213,309,shuckle,213,bug,rock,20,10,230,10,230,5,505,60,20500,177
214,310,heracross,214,bug,fighting,80,125,75,40,95,85,500,150,54000,175
215,312,sneasel,215,dark,ice,55,95,55,35,75,115,430,90,28000,86
216,314,teddiursa,216,normal,None,60,80,50,50,50,40,330,60,8800,66
217,315,ursaring,217,normal,None,90,130,75,75,75,55,500,180,125800,175
218,316,slugma,218,fire,None,40,40,40,70,40,20,250,70,35000,50
219,317,magcargo,219,fire,rock,60,50,120,90,80,30,430,80,55000,151
220,318,swinub,220,ice,ground,50,50,40,30,30,50,250,40,6500,50
221,319,piloswine,221,ice,ground,100,100,80,60,60,50,450,110,55800,158
222,321,corsola,222,water,rock,65,55,95,65,95,35,410,60,5000,144
223,323,remoraid,223,water,None,35,65,35,65,35,65,300,60,12000,60
224,324,octillery,224,water,None,75,105,75,105,75,45,480,90,28500,168
225,325,delibird,225,ice,flying,45,55,45,65,45,75,330,90,16000,116
226,327,mantine,226,water,flying,85,40,70,80,140,70,485,210,220000,170
227,328,skarmory,227,steel,flying,65,80,140,40,70,70,465,170,50500,163
228,329,houndour,228,dark,fire,45,60,30,80,50,65,330,60,10800,66
229,330,houndoom,229,dark,fire,75,90,50,110,80,95,500,140,35000,175
230,188,kingdra,230,water,dragon,75,95,95,95,95,85,540,180,152000,243
231,332,phanpy,231,ground,None,90,60,60,40,40,40,330,50,33500,66
232,333,donphan,232,ground,None,90,120,120,60,60,50,500,110,120000,175
233,226,porygon2,233,normal,None,85,80,90,105,95,60,515,60,32500,180
234,334,stantler,234,normal,None,73,95,62,85,65,85,465,140,71200,163
235,335,smeargle,235,normal,None,55,20,35,20,45,75,250,120,58000,88
236,167,tyrogue,236,fighting,None,35,35,35,35,35,35,210,70,21000,42
237,170,hitmontop,237,fighting,None,50,95,95,35,110,70,455,140,48000,159
238,199,smoochum,238,ice,psychic,45,30,15,85,65,65,305,40,6000,61
239,201,elekid,239,electric,None,45,63,37,65,55,95,360,60,23500,72
240,204,magby,240,fire,None,45,75,37,70,55,83,365,70,21400,73
241,336,miltank,241,normal,None,95,80,105,40,70,100,490,120,75500,172
242,181,blissey,242,normal,None,255,10,10,75,135,55,540,150,46800,608
243,337,raikou,243,electric,None,90,85,75,115,100,115,580,190,178000,261
244,338,entei,244,fire,None,115,115,85,90,75,100,580,210,198000,261
245,339,suicune,245,water,None,100,75,115,90,115,85,580,200,187000,261
246,340,larvitar,246,rock,ground,50,64,50,45,50,41,300,60,72000,60
247,341,pupitar,247,rock,ground,70,84,70,65,70,51,410,120,152000,144
248,342,tyranitar,248,rock,dark,100,134,110,95,100,61,600,200,202000,270
249,344,lugia,249,psychic,flying,106,90,130,90,154,110,680,520,216000,306
250,345,ho-oh,250,fire,flying,106,130,90,110,154,90,680,380,199000,306
251,346,celebi,251,psychic,grass,100,100,100,100,100,100,600,60,5000,270
252,347,treecko,252,grass,None,40,45,35,65,55,70,310,50,5000,62
253,348,grovyle,253,grass,None,50,65,45,85,65,95,405,90,21600,142
254,349,sceptile,254,grass,None,70,85,65,105,85,120,530,170,52200,239
255,351,torchic,255,fire,None,45,60,40,70,50,45,310,40,2500,62
256,352,combusken,256,fire,fighting,60,85,60,85,60,55,405,90,19500,142
257,353,blaziken,257,fire,fighting,80,120,70,110,70,80,530,190,52000,239
258,355,mudkip,258,water,None,50,70,50,50,50,40,310,40,7600,62
259,356,marshtomp,259,water,ground,70,85,70,60,70,50,405,70,28000,142
260,357,swampert,260,water,ground,100,110,90,85,90,60,535,150,81900,241
261,359,poochyena,261,dark,None,35,55,35,30,30,35,220,50,13600,56
262,360,mightyena,262,dark,None,70,90,70,60,60,70,420,100,37000,147
263,361,zigzagoon,263,normal,None,38,30,41,30,41,60,240,40,17500,56
264,363,linoone,264,normal,None,78,70,61,50,61,100,420,50,32500,147
265,365,wurmple,265,bug,None,45,45,35,20,30,20,195,30,3600,56
266,366,silcoon,266,bug,None,50,35,55,25,25,15,205,60,10000,72
267,367,beautifly,267,bug,flying,60,70,50,100,50,65,395,100,28400,178
268,368,cascoon,268,bug,None,50,35,55,25,25,15,205,70,11500,72
269,369,dustox,269,bug,poison,60,50,70,50,90,65,385,120,31600,173
270,370,lotad,270,water,grass,40,30,30,40,50,30,220,50,2600,44
271,371,lombre,271,water,grass,60,50,50,60,70,50,340,120,32500,119
272,372,ludicolo,272,water,grass,80,70,70,90,100,70,480,150,55000,216
273,373,seedot,273,grass,None,40,40,50,30,30,30,220,50,4000,44
274,374,nuzleaf,274,grass,dark,70,70,40,60,40,60,340,100,28000,119
275,375,shiftry,275,grass,dark,90,100,60,90,60,80,480,130,59600,216
276,376,taillow,276,normal,flying,40,55,30,30,30,85,270,30,2300,54
277,377,swellow,277,normal,flying,60,85,60,75,50,125,455,70,19800,159
278,378,wingull,278,water,flying,40,30,30,55,30,85,270,60,9500,54
279,379,pelipper,279,water,flying,60,50,100,95,70,65,440,120,28000,154
280,380,ralts,280,psychic,fairy,28,25,25,45,35,40,198,40,6600,40
281,381,kirlia,281,psychic,fairy,38,35,35,65,55,50,278,80,20200,97
282,382,gardevoir,282,psychic,fairy,68,65,65,125,115,80,518,160,48400,233
283,386,surskit,283,bug,water,40,30,32,50,52,65,269,50,1700,54
284,387,masquerain,284,bug,flying,70,60,62,100,82,80,454,80,3600,159
285,388,shroomish,285,grass,None,60,40,60,40,60,35,295,40,4500,59
286,389,breloom,286,grass,fighting,60,130,80,60,60,70,460,120,39200,161
287,390,slakoth,287,normal,None,60,60,60,35,35,30,280,80,24000,56
288,391,vigoroth,288,normal,None,80,80,80,55,55,90,440,140,46500,154
289,392,slaking,289,normal,None,150,160,100,95,65,100,670,200,130500,252
290,393,nincada,290,bug,ground,31,45,90,30,30,40,266,50,5500,53
291,394,ninjask,291,bug,flying,61,90,45,50,50,160,456,80,12000,160
292,395,shedinja,292,bug,ghost,1,90,45,30,30,40,236,80,1200,83
293,396,whismur,293,normal,None,64,51,23,51,23,28,240,60,16300,48
294,397,loudred,294,normal,None,84,71,43,71,43,48,360,100,40500,126
295,398,exploud,295,normal,None,104,91,63,91,73,68,490,150,84000,221
296,399,makuhita,296,fighting,None,72,60,30,20,30,25,237,100,86400,47
297,400,hariyama,297,fighting,None,144,120,60,40,60,50,474,230,253800,166
298,277,azurill,298,normal,fairy,50,20,40,20,40,20,190,20,2000,38
299,401,nosepass,299,rock,None,30,45,135,45,90,30,375,100,97000,75
300,403,skitty,300,normal,None,50,45,45,35,35,50,260,60,11000,52
301,404,delcatty,301,normal,None,70,65,65,55,55,90,400,110,32600,140
302,405,sableye,302,dark,ghost,50,75,75,65,65,50,380,50,11000,133
303,407,mawile,303,steel,fairy,50,85,85,55,55,50,380,60,11500,133
304,409,aron,304,steel,rock,50,70,100,40,40,30,330,40,60000,66
305,410,lairon,305,steel,rock,60,90,140,50,50,40,430,90,120000,151
306,411,aggron,306,steel,rock,70,110,180,60,60,50,530,210,360000,239
307,413,meditite,307,fighting,psychic,30,40,55,40,55,60,280,60,11200,56
308,414,medicham,308,fighting,psychic,60,60,75,60,75,80,410,130,31500,144
309,416,electrike,309,electric,None,40,45,40,65,40,65,295,60,15200,59
310,417,manectric,310,electric,None,70,75,60,105,60,105,475,150,40200,166
311,419,plusle,311,electric,None,60,50,40,85,75,95,405,40,4200,142
312,420,minun,312,electric,None,60,40,50,75,85,95,405,40,4200,142
313,421,volbeat,313,bug,None,65,73,75,47,85,85,430,70,17700,151
314,422,illumise,314,bug,None,65,47,75,73,85,85,430,60,17700,151
315,424,roselia,315,grass,poison,50,60,45,100,80,65,400,30,2000,140
316,426,gulpin,316,poison,None,70,43,53,43,53,40,302,40,10300,60
317,427,swalot,317,poison,None,100,73,83,73,83,55,467,170,80000,163
318,428,carvanha,318,water,dark,45,90,20,65,20,65,305,80,20800,61
319,429,sharpedo,319,water,dark,70,120,40,95,40,95,460,180,88800,161
320,431,wailmer,320,water,None,130,70,35,70,35,60,400,200,130000,80
321,432,wailord,321,water,None,170,90,45,90,45,60,500,1450,398000,175
322,433,numel,322,fire,ground,60,60,40,65,45,35,305,70,24000,61
323,434,camerupt,323,fire,ground,70,100,70,105,75,40,460,190,220000,161
324,436,torkoal,324,fire,None,70,85,140,85,70,20,470,50,80400,165
325,437,spoink,325,psychic,None,60,25,35,70,80,60,330,70,30600,66
326,438,grumpig,326,psychic,None,80,45,65,90,110,80,470,90,71500,165
327,439,spinda,327,normal,None,60,60,60,60,60,60,360,110,5000,126
328,440,trapinch,328,ground,None,45,100,45,45,45,10,290,70,15000,58
329,441,vibrava,329,ground,dragon,50,70,50,50,50,70,340,110,15300,119
330,442,flygon,330,ground,dragon,80,100,80,80,80,100,520,200,82000,234
331,443,cacnea,331,grass,None,50,85,40,85,40,35,335,40,51300,67
332,444,cacturne,332,grass,dark,70,115,60,115,60,55,475,130,77400,166
333,445,swablu,333,normal,flying,45,40,60,40,75,50,310,40,1200,62
334,446,altaria,334,dragon,flying,75,70,90,70,105,80,490,110,20600,172
335,448,zangoose,335,normal,None,73,115,60,60,60,90,458,130,40300,160
336,449,seviper,336,poison,None,73,100,60,100,60,65,458,270,52500,160
337,450,lunatone,337,rock,psychic,90,55,65,95,85,70,460,100,168000,161
338,451,solrock,338,rock,psychic,90,95,85,55,65,70,460,120,154000,161
339,452,barboach,339,water,ground,50,48,43,46,41,60,288,40,1900,58
340,453,whiscash,340,water,ground,110,78,73,76,71,60,468,90,23600,164
341,454,corphish,341,water,None,43,80,65,50,35,35,308,60,11500,62
342,455,crawdaunt,342,water,dark,63,120,85,90,55,55,468,110,32800,164
343,456,baltoy,343,ground,psychic,40,40,55,40,70,55,300,50,21500,60
344,457,claydol,344,ground,psychic,60,70,105,70,120,75,500,150,108000,175
345,458,lileep,345,rock,grass,66,41,77,61,87,23,355,100,23800,71
346,459,cradily,346,rock,grass,86,81,97,81,107,43,495,150,60400,173
347,460,anorith,347,rock,bug,45,95,50,40,50,75,355,70,12500,71
348,461,armaldo,348,rock,bug,75,125,100,70,80,45,495,150,68200,173
349,462,feebas,349,water,None,20,15,20,10,55,80,200,60,7400,40
350,463,milotic,350,water,None,95,60,79,100,125,81,540,620,162000,189
351,464,castform,351,normal,None,70,70,70,70,70,70,420,30,800,147
352,468,kecleon,352,normal,None,60,90,70,60,120,40,440,100,22000,154
353,469,shuppet,353,ghost,None,44,75,35,63,33,45,295,60,2300,59
354,470,banette,354,ghost,None,64,115,65,83,63,65,455,110,12500,159
355,472,duskull,355,ghost,None,20,40,90,30,90,25,295,80,15000,59
356,473,dusclops,356,ghost,None,40,70,130,60,130,25,455,160,30600,159
357,475,tropius,357,grass,flying,99,68,83,72,87,51,460,200,100000,161
358,477,chimecho,358,psychic,None,75,50,80,95,90,65,455,60,1000,159
359,478,absol,359,dark,None,65,130,60,75,60,75,465,120,47000,163
360,298,wynaut,360,psychic,None,95,23,48,23,48,23,260,60,14000,52
361,480,snorunt,361,ice,None,50,50,50,50,50,50,300,70,16800,60
362,481,glalie,362,ice,None,80,80,80,80,80,80,480,150,256500,168
363,484,spheal,363,ice,water,70,40,50,55,50,25,290,80,39500,58
364,485,sealeo,364,ice,water,90,60,70,75,70,45,410,110,87600,144
365,486,walrein,365,ice,water,110,80,90,95,90,65,530,140,150600,239
366,487,clamperl,366,water,None,35,64,85,74,55,32,345,40,52500,69
367,488,huntail,367,water,None,55,104,105,94,75,52,485,170,27000,170
368,489,gorebyss,368,water,None,55,84,105,114,75,52,485,180,22600,170
369,490,relicanth,369,water,rock,100,90,130,45,65,55,485,100,23400,170
370,491,luvdisc,370,water,None,43,30,55,40,65,97,330,60,8700,116
371,492,bagon,371,dragon,None,45,75,60,40,30,50,300,60,42100,60
372,493,shelgon,372,dragon,None,65,95,100,60,50,50,420,110,110500,147
373,494,salamence,373,dragon,flying,95,135,80,110,80,100,600,150,102600,270
374,496,beldum,374,steel,psychic,40,55,80,35,60,30,300,60,95200,60
375,497,metang,375,steel,psychic,60,75,100,55,80,50,420,120,202500,147
376,498,metagross,376,steel,psychic,80,135,130,95,90,70,600,160,550000,270
377,500,regirock,377,rock,None,80,100,200,50,100,50,580,170,230000,261
378,501,regice,378,ice,None,80,50,100,100,200,50,580,180,175000,261
379,502,registeel,379,steel,None,80,75,150,75,150,50,580,190,205000,261
380,503,latias,380,dragon,psychic,80,80,90,110,130,110,600,140,40000,270
381,505,latios,381,dragon,psychic,80,90,80,130,110,110,600,200,60000,270
382,507,kyogre,382,water,None,100,100,90,150,140,90,670,450,352000,302
383,509,groudon,383,ground,None,100,150,140,100,90,90,670,350,950000,302
384,511,rayquaza,384,dragon,flying,105,150,90,150,90,95,680,700,206500,306
385,513,jirachi,385,steel,psychic,100,100,100,100,100,100,600,30,1100,270
386,514,deoxys-normal,386,psychic,None,50,150,50,150,50,150,600,170,60800,270
387,518,turtwig,387,grass,None,55,68,64,45,55,31,318,40,10200,64
388,519,grotle,388,grass,None,75,89,85,55,65,36,405,110,97000,142
389,520,torterra,389,grass,ground,95,109,105,75,85,56,525,220,310000,236
390,521,chimchar,390,fire,None,44,58,44,58,44,61,309,50,6200,62
391,522,monferno,391,fire,fighting,64,78,52,78,52,81,405,90,22000,142
392,523,infernape,392,fire,fighting,76,104,71,104,71,108,534,120,55000,240
393,524,piplup,393,water,None,53,51,53,61,56,40,314,40,5200,63
394,525,prinplup,394,water,None,64,66,68,81,76,50,405,80,23000,142
395,526,empoleon,395,water,steel,84,86,88,111,101,60,530,170,84500,239
396,527,starly,396,normal,flying,40,55,30,30,30,60,245,30,2000,49
397,528,staravia,397,normal,flying,55,75,50,40,40,80,340,60,15500,119
398,529,staraptor,398,normal,flying,85,120,70,50,60,100,485,120,24900,218
399,530,bidoof,399,normal,None,59,45,40,35,40,31,250,50,20000,50
400,531,bibarel,400,normal,water,79,85,60,55,60,71,410,100,31500,144
401,532,kricketot,401,bug,None,37,25,41,25,41,25,194,30,2200,39
402,533,kricketune,402,bug,None,77,85,51,55,51,65,384,100,25500,134
403,534,shinx,403,electric,None,45,65,34,40,34,45,263,50,9500,53
404,535,luxio,404,electric,None,60,85,49,60,49,60,363,90,30500,127
405,536,luxray,405,electric,None,80,120,79,95,79,70,523,140,42000,235
406,423,budew,406,grass,poison,40,30,35,50,70,55,280,20,1200,56
407,425,roserade,407,grass,poison,60,70,65,125,105,90,515,90,14500,232
408,537,cranidos,408,rock,None,67,125,40,30,30,58,350,90,31500,70
409,538,rampardos,409,rock,None,97,165,60,65,50,58,495,160,102500,173
410,539,shieldon,410,rock,steel,30,42,118,42,88,30,350,50,57000,70
411,540,bastiodon,411,rock,steel,60,52,168,47,138,30,495,130,149500,173
412,541,burmy,412,bug,None,40,29,45,29,45,36,224,20,3400,45
413,542,wormadam-plant,413,bug,grass,60,59,85,79,105,36,424,50,6500,148
414,545,mothim,414,bug,flying,70,94,50,94,50,66,424,90,23300,148
415,546,combee,415,bug,flying,30,30,42,30,42,70,244,30,5500,49
416,547,vespiquen,416,bug,flying,70,80,102,80,102,40,474,120,38500,166
417,548,pachirisu,417,electric,None,60,45,70,45,90,95,405,40,3900,142
418,549,buizel,418,water,None,55,65,35,60,30,85,330,70,29500,66
419,550,floatzel,419,water,None,85,105,55,85,50,115,495,110,33500,173
420,551,cherubi,420,grass,None,45,35,45,62,53,35,275,40,3300,55
421,552,cherrim,421,grass,None,70,60,70,87,78,85,450,50,9300,158
422,553,shellos,422,water,None,76,48,48,57,62,34,325,30,6300,65
423,554,gastrodon,423,water,ground,111,83,68,92,82,39,475,90,29900,166
424,286,ambipom,424,normal,None,75,100,66,60,66,115,482,120,20300,169
425,555,drifloon,425,ghost,flying,90,50,34,60,44,70,348,40,1200,70
426,556,drifblim,426,ghost,flying,150,80,44,90,54,80,498,120,15000,174
427,557,buneary,427,normal,None,55,66,44,44,56,85,350,40,5500,70
428,558,lopunny,428,normal,None,65,76,84,54,96,105,480,120,33300,168
429,296,mismagius,429,ghost,None,60,60,60,105,105,105,495,90,4400,173
430,294,honchkrow,430,dark,flying,100,125,52,105,52,71,505,90,27300,177
431,560,glameow,431,normal,None,49,55,42,42,37,85,310,50,3900,62
432,561,purugly,432,normal,None,71,82,64,64,59,112,452,100,43800,158
433,476,chingling,433,psychic,None,45,30,50,65,50,45,285,20,600,57
434,562,stunky,434,poison,dark,63,63,47,41,41,74,329,40,19200,66
435,563,skuntank,435,poison,dark,103,93,67,71,61,84,479,100,38000,168
436,564,bronzor,436,steel,psychic,57,24,86,24,86,23,300,50,60500,60
437,565,bronzong,437,steel,psychic,67,89,116,79,116,33,500,130,187000,175
438,280,bonsly,438,rock,None,50,80,95,10,45,10,290,50,15000,58
439,193,mime-jr,439,psychic,fairy,20,25,45,70,90,60,310,60,13000,62
440,179,happiny,440,normal,None,100,5,5,15,65,30,220,60,24400,110
441,566,chatot,441,normal,flying,76,65,45,92,42,91,411,50,1900,144
442,567,spiritomb,442,ghost,dark,50,92,108,92,108,35,485,100,108000,170
443,568,gible,443,dragon,ground,58,70,45,40,45,42,300,70,20500,60
444,569,gabite,444,dragon,ground,68,90,65,50,55,82,410,140,56000,144
445,570,garchomp,445,dragon,ground,108,130,95,80,85,102,600,190,95000,270
446,234,munchlax,446,normal,None,135,85,40,40,85,5,390,60,105000,78
447,572,riolu,447,fighting,None,40,70,40,35,40,60,285,70,20200,57
448,573,lucario,448,fighting,steel,70,110,70,115,70,90,525,120,54000,184
449,575,hippopotas,449,ground,None,68,72,78,38,42,32,330,80,49500,66
450,576,hippowdon,450,ground,None,108,112,118,68,72,47,525,200,300000,184
451,577,skorupi,451,poison,bug,40,50,90,30,55,65,330,80,12000,66
452,578,drapion,452,poison,dark,70,90,110,60,75,95,500,130,61500,175
453,579,croagunk,453,poison,fighting,48,61,40,61,40,50,300,70,23000,60
454,580,toxicroak,454,poison,fighting,83,106,65,86,65,85,490,130,44400,172
455,581,carnivine,455,grass,None,74,100,72,90,72,46,454,140,27000,159
456,582,finneon,456,water,None,49,49,56,49,61,66,330,40,7000,66
457,583,lumineon,457,water,None,69,69,76,69,86,91,460,120,24000,161
458,326,mantyke,458,water,flying,45,20,50,60,120,50,345,100,65000,69
459,584,snover,459,grass,ice,60,62,50,62,60,40,334,100,50500,67
460,585,abomasnow,460,grass,ice,90,92,75,92,85,60,494,220,135500,173
461,313,weavile,461,dark,ice,70,120,65,45,85,125,510,110,34000,179
462,134,magnezone,462,electric,steel,70,70,115,130,90,60,535,120,180000,241
463,172,lickilicky,463,normal,None,110,85,95,80,95,50,515,170,140000,180
464,178,rhyperior,464,ground,rock,115,140,130,55,55,40,535,240,282800,241
465,183,tangrowth,465,grass,None,100,100,125,110,50,50,535,200,128600,187
466,203,electivire,466,electric,None,75,123,67,95,85,95,540,180,138600,243
467,206,magmortar,467,fire,None,75,95,67,125,95,83,540,160,68000,243
468,270,togekiss,468,fairy,flying,85,50,95,120,115,80,545,150,38000,245
469,290,yanmega,469,bug,flying,86,76,86,116,56,95,515,190,51500,180
470,222,leafeon,470,grass,None,65,110,130,60,65,95,525,100,25500,184
471,223,glaceon,471,ice,None,65,60,110,130,95,65,525,80,25900,184
472,305,gliscor,472,ground,flying,75,95,125,45,75,95,510,200,42500,179
473,320,mamoswine,473,ice,ground,110,130,80,70,60,80,530,250,291000,239
474,227,porygon-z,474,normal,None,85,80,70,135,75,90,535,90,34000,241
475,384,gallade,475,psychic,fighting,68,125,65,65,115,80,518,160,52000,233
476,402,probopass,476,rock,steel,60,55,145,75,150,40,525,140,340000,184
477,474,dusknoir,477,ghost,None,45,100,135,65,135,45,525,220,106600,236
478,483,froslass,478,ice,ghost,70,80,70,80,70,110,480,130,26600,168
479,587,rotom,479,electric,ghost,50,50,77,95,77,91,440,30,300,154
480,593,uxie,480,psychic,None,75,75,130,75,130,95,580,30,300,261
481,594,mesprit,481,psychic,None,80,105,105,105,105,80,580,30,300,261
482,595,azelf,482,psychic,None,75,125,70,125,70,115,580,30,300,261
483,596,dialga,483,steel,dragon,100,120,120,150,100,90,680,540,683000,306
484,597,palkia,484,water,dragon,90,120,100,150,120,100,680,420,336000,306
485,598,heatran,485,fire,steel,91,90,106,130,106,77,600,170,430000,270
486,599,regigigas,486,normal,None,110,160,110,80,110,100,670,370,420000,302
487,600,giratina-altered,487,ghost,dragon,150,100,120,100,120,90,680,450,750000,306
488,602,cresselia,488,psychic,None,120,70,110,75,120,85,580,150,85600,270
489,603,phione,489,water,None,80,80,80,80,80,80,480,40,3100,216
490,604,manaphy,490,water,None,100,100,100,100,100,100,600,30,1400,270
491,605,darkrai,491,dark,None,70,90,90,135,90,125,600,150,50500,270
492,606,shaymin-land,492,grass,None,100,100,100,100,100,100,600,20,2100,270
493,608,arceus,493,normal,None,120,120,120,120,120,120,720,320,320000,324
494,609,victini,494,psychic,fire,100,100,100,100,100,100,600,40,4000,270
495,610,snivy,495,grass,None,45,45,55,45,55,63,308,60,8100,62
496,611,servine,496,grass,None,60,60,75,60,75,83,413,80,16000,145
497,612,serperior,497,grass,None,75,75,95,75,95,113,528,330,63000,238
498,613,tepig,498,fire,None,65,63,45,45,45,45,308,50,9900,62
499,614,pignite,499,fire,fighting,90,93,55,70,55,55,418,100,55500,146
500,615,emboar,500,fire,fighting,110,123,65,100,65,65,528,160,150000,238
501,616,oshawott,501,water,None,55,55,45,63,45,45,308,50,5900,62
502,617,dewott,502,water,None,75,75,60,83,60,60,413,80,24500,145
503,618,samurott,503,water,None,95,100,85,108,70,70,528,150,94600,238
504,619,patrat,504,normal,None,45,55,39,35,39,42,255,50,11600,51
505,620,watchog,505,normal,None,60,85,69,60,69,77,420,110,27000,147
506,621,lillipup,506,normal,None,45,60,45,25,45,55,275,40,4100,55
507,622,herdier,507,normal,None,65,80,65,35,65,60,370,90,14700,130
508,623,stoutland,508,normal,None,85,110,90,45,90,80,500,120,61000,225
509,624,purrloin,509,dark,None,41,50,37,50,37,66,281,40,10100,56
510,625,liepard,510,dark,None,64,88,50,88,50,106,446,110,37500,156
511,626,pansage,511,grass,None,50,53,48,53,48,64,316,60,10500,63
512,627,simisage,512,grass,None,75,98,63,98,63,101,498,110,30500,174
513,628,pansear,513,fire,None,50,53,48,53,48,64,316,60,11000,63
514,629,simisear,514,fire,None,75,98,63,98,63,101,498,100,28000,174
515,630,panpour,515,water,None,50,53,48,53,48,64,316,60,13500,63
516,631,simipour,516,water,None,75,98,63,98,63,101,498,100,29000,174
517,632,munna,517,psychic,None,76,25,45,67,55,24,292,60,23300,58
518,633,musharna,518,psychic,None,116,55,85,107,95,29,487,110,60500,170
519,634,pidove,519,normal,flying,50,55,50,36,30,43,264,30,2100,53
520,635,tranquill,520,normal,flying,62,77,62,50,42,65,358,60,15000,125
521,636,unfezant,521,normal,flying,80,115,80,65,55,93,488,120,29000,220
522,637,blitzle,522,electric,None,45,60,32,50,32,76,295,80,29800,59
523,638,zebstrika,523,electric,None,75,100,63,80,63,116,497,160,79500,174
524,639,roggenrola,524,rock,None,55,75,85,25,25,15,280,40,18000,56
525,640,boldore,525,rock,None,70,105,105,50,40,20,390,90,102000,137
526,641,gigalith,526,rock,None,85,135,130,60,80,25,515,170,260000,232
527,642,woobat,527,psychic,flying,65,45,43,55,43,72,323,40,2100,65
528,643,swoobat,528,psychic,flying,67,57,55,77,55,114,425,90,10500,149
529,644,drilbur,529,ground,None,60,85,40,30,45,68,328,30,8500,66
530,645,excadrill,530,ground,steel,110,135,60,50,65,88,508,70,40400,178
531,646,audino,531,normal,None,103,60,86,60,86,50,445,110,31000,390
532,648,timburr,532,fighting,None,75,80,55,25,35,35,305,60,12500,61
533,649,gurdurr,533,fighting,None,85,105,85,40,50,40,405,120,40000,142
534,650,conkeldurr,534,fighting,None,105,140,95,55,65,45,505,140,87000,227
535,651,tympole,535,water,None,50,50,40,50,40,64,294,50,4500,59
536,652,palpitoad,536,water,ground,75,65,55,65,55,69,384,80,17000,134
537,653,seismitoad,537,water,ground,105,95,75,85,75,74,509,150,62000,229
538,654,throh,538,fighting,None,120,100,85,30,85,45,465,130,55500,163
539,655,sawk,539,fighting,None,75,125,75,30,75,85,465,140,51000,163
540,656,sewaddle,540,bug,grass,45,53,70,40,60,42,310,30,2500,62
541,657,swadloon,541,bug,grass,55,63,90,50,80,42,380,50,7300,133
542,658,leavanny,542,bug,grass,75,103,80,70,80,92,500,120,20500,225
543,659,venipede,543,bug,poison,30,45,59,30,39,57,260,40,5300,52
544,660,whirlipede,544,bug,poison,40,55,99,40,79,47,360,120,58500,126
545,661,scolipede,545,bug,poison,60,100,89,55,69,112,485,250,200500,218
546,662,cottonee,546,grass,fairy,40,27,60,37,50,66,280,30,600,56
547,663,whimsicott,547,grass,fairy,60,67,85,77,75,116,480,70,6600,168
548,664,petilil,548,grass,None,45,35,50,70,50,30,280,50,6600,56
549,665,lilligant,549,grass,None,70,60,75,110,75,90,480,110,16300,168
550,666,basculin-red-striped,550,water,None,70,92,65,80,55,98,460,100,18000,161
551,668,sandile,551,ground,dark,50,72,35,35,35,65,292,70,15200,58
552,669,krokorok,552,ground,dark,60,82,45,45,45,74,351,100,33400,123
553,670,krookodile,553,ground,dark,95,117,80,65,70,92,519,150,96300,234
554,671,darumaka,554,fire,None,70,90,45,15,45,50,315,60,37500,63
555,673,darmanitan-standard,555,fire,None,105,140,55,30,55,95,480,130,92900,168
556,677,maractus,556,grass,None,75,86,67,106,67,60,461,100,28000,161
557,678,dwebble,557,bug,rock,50,65,85,35,35,55,325,30,14500,65
558,679,crustle,558,bug,rock,70,105,125,65,75,45,485,140,200000,170
559,680,scraggy,559,dark,fighting,50,75,70,35,70,48,348,60,11800,70
560,681,scrafty,560,dark,fighting,65,90,115,45,115,58,488,110,30000,171
561,682,sigilyph,561,psychic,flying,72,58,80,103,80,97,490,140,14000,172
562,683,yamask,562,ghost,None,38,30,85,55,65,30,303,50,1500,61
563,685,cofagrigus,563,ghost,None,58,50,145,95,105,30,483,170,76500,169
564,686,tirtouga,564,water,rock,54,78,103,53,45,22,355,70,16500,71
565,687,carracosta,565,water,rock,74,108,133,83,65,32,495,120,81000,173
566,688,archen,566,rock,flying,55,112,45,74,45,70,401,50,9500,71
567,689,archeops,567,rock,flying,75,140,65,112,65,110,567,140,32000,177
568,690,trubbish,568,poison,None,50,50,62,40,62,65,329,60,31000,66
569,691,garbodor,569,poison,None,80,95,82,60,82,75,474,190,107300,166
570,692,zorua,570,dark,None,40,65,40,80,40,65,330,70,12500,66
571,693,zoroark,571,dark,None,60,105,60,120,60,105,510,160,81100,179
572,694,minccino,572,normal,None,55,50,40,40,40,75,300,40,5800,60
573,695,cinccino,573,normal,None,75,95,60,65,60,115,470,50,7500,165
574,696,gothita,574,psychic,None,45,30,50,55,65,45,290,40,5800,58
575,697,gothorita,575,psychic,None,60,45,70,75,85,55,390,70,18000,137
576,698,gothitelle,576,psychic,None,70,55,95,95,110,65,490,150,44000,221
577,699,solosis,577,psychic,None,45,30,40,105,50,20,290,30,1000,58
578,700,duosion,578,psychic,None,65,40,50,125,60,30,370,60,8000,130
579,701,reuniclus,579,psychic,None,110,65,75,125,85,30,490,100,20100,221
580,702,ducklett,580,water,flying,62,44,50,44,50,55,305,50,5500,61
581,703,swanna,581,water,flying,75,87,63,87,63,98,473,130,24200,166
582,704,vanillite,582,ice,None,36,50,50,65,60,44,305,40,5700,61
583,705,vanillish,583,ice,None,51,65,65,80,75,59,395,110,41000,138
584,706,vanilluxe,584,ice,None,71,95,85,110,95,79,535,130,57500,241
585,707,deerling,585,normal,grass,60,60,50,40,50,75,335,60,19500,67
586,708,sawsbuck,586,normal,grass,80,100,70,60,70,95,475,190,92500,166
587,709,emolga,587,electric,flying,55,75,60,75,60,103,428,40,5000,150
588,710,karrablast,588,bug,None,50,75,45,40,45,60,315,50,5900,63
589,711,escavalier,589,bug,steel,70,135,105,60,105,20,495,100,33000,173
590,712,foongus,590,grass,poison,69,55,45,55,55,15,294,20,1000,59
591,713,amoonguss,591,grass,poison,114,85,70,85,80,30,464,60,10500,162
592,714,frillish,592,water,ghost,55,40,50,65,85,40,335,120,33000,67
593,715,jellicent,593,water,ghost,100,60,70,85,105,60,480,220,135000,168
594,716,alomomola,594,water,None,165,75,80,40,45,65,470,120,31600,165
595,717,joltik,595,bug,electric,50,47,50,57,50,65,319,10,600,64
596,718,galvantula,596,bug,electric,70,77,60,97,60,108,472,80,14300,165
597,719,ferroseed,597,grass,steel,44,50,91,24,86,10,305,60,18800,61
598,720,ferrothorn,598,grass,steel,74,94,131,54,116,20,489,100,110000,171
599,721,klink,599,steel,None,40,55,70,45,60,30,300,30,21000,60
600,722,klang,600,steel,None,60,80,95,70,85,50,440,60,51000,154
601,723,klinklang,601,steel,None,60,100,115,70,85,90,520,60,81000,234
602,724,tynamo,602,electric,None,35,55,40,45,40,60,275,20,300,55
603,725,eelektrik,603,electric,None,65,85,70,75,70,40,405,120,22000,142
604,726,eelektross,604,electric,None,85,115,80,105,80,50,515,210,80500,232
605,727,elgyem,605,psychic,None,55,55,55,85,55,30,335,50,9000,67
606,728,beheeyem,606,psychic,None,75,75,75,125,95,40,485,100,34500,170
607,729,litwick,607,ghost,fire,50,30,55,65,55,20,275,30,3100,55
608,730,lampent,608,ghost,fire,60,40,60,95,60,55,370,60,13000,130
609,731,chandelure,609,ghost,fire,60,55,90,145,90,80,520,100,34300,234
610,732,axew,610,dragon,None,46,87,60,30,40,57,320,60,18000,64
611,733,fraxure,611,dragon,None,66,117,70,40,50,67,410,100,36000,144
612,734,haxorus,612,dragon,None,76,147,90,60,70,97,540,180,105500,243
613,735,cubchoo,613,ice,None,55,70,40,60,40,40,305,50,8500,61
614,736,beartic,614,ice,None,95,130,80,70,80,50,505,260,260000,177
615,737,cryogonal,615,ice,None,80,50,50,95,135,105,515,110,148000,180
616,738,shelmet,616,bug,None,50,40,85,40,65,25,305,40,7700,61
617,739,accelgor,617,bug,None,80,70,40,100,60,145,495,80,25300,173
618,740,stunfisk,618,ground,electric,109,66,84,81,99,32,471,70,11000,165
619,742,mienfoo,619,fighting,None,45,85,50,55,50,65,350,90,20000,70
620,743,mienshao,620,fighting,None,65,125,60,95,60,105,510,140,35500,179
621,744,druddigon,621,dragon,None,77,120,90,60,90,48,485,160,139000,170
622,745,golett,622,ground,ghost,59,74,50,35,50,35,303,100,92000,61
623,746,golurk,623,ground,ghost,89,124,80,55,80,55,483,280,330000,169
624,747,pawniard,624,dark,steel,45,85,70,40,40,60,340,50,10200,68
625,748,bisharp,625,dark,steel,65,125,100,60,70,70,490,160,70000,172
626,749,bouffalant,626,normal,None,95,110,95,40,95,55,490,160,94600,172
627,750,rufflet,627,normal,flying,70,83,50,37,50,60,350,50,10500,70
628,751,braviary,628,normal,flying,100,123,75,57,75,80,510,150,41000,179
629,752,vullaby,629,dark,flying,70,55,75,45,65,60,370,50,9000,74
630,753,mandibuzz,630,dark,flying,110,65,105,55,95,80,510,120,39500,179
631,754,heatmor,631,fire,None,85,97,66,105,66,65,484,140,58000,169
632,755,durant,632,bug,steel,58,109,112,48,48,109,484,30,33000,169
633,756,deino,633,dark,dragon,52,65,50,45,50,38,300,80,17300,60
634,757,zweilous,634,dark,dragon,72,85,70,65,70,58,420,140,50000,147
635,758,hydreigon,635,dark,dragon,92,105,90,125,90,98,600,180,160000,270
636,759,larvesta,636,bug,fire,55,85,55,50,55,60,360,110,28800,72
637,760,volcarona,637,bug,fire,85,60,65,135,105,100,550,160,46000,248
638,761,cobalion,638,steel,fighting,91,90,129,90,72,108,580,210,250000,261
639,762,terrakion,639,rock,fighting,91,129,90,72,90,108,580,190,260000,261
640,763,virizion,640,grass,fighting,91,90,72,90,129,108,580,200,200000,261
641,764,tornadus-incarnate,641,flying,None,79,115,70,125,80,111,580,150,63000,261
642,766,thundurus-incarnate,642,electric,flying,79,115,70,125,80,111,580,150,61000,261
643,768,reshiram,643,dragon,fire,100,120,100,150,120,90,680,320,330000,306
644,769,zekrom,644,dragon,electric,100,150,120,120,100,90,680,290,345000,306
645,770,landorus-incarnate,645,ground,flying,89,125,90,115,80,101,600,150,68000,270
646,772,kyurem,646,dragon,ice,125,130,90,130,90,95,660,300,325000,297
647,775,keldeo-ordinary,647,water,fighting,91,72,90,129,90,108,580,140,48500,261
648,777,meloetta-aria,648,normal,psychic,100,77,77,128,128,90,600,60,6500,270
649,779,genesect,649,bug,steel,71,120,95,120,95,99,600,150,82500,270
650,780,chespin,650,grass,None,56,61,65,48,45,38,313,40,9000,63
651,781,quilladin,651,grass,None,61,78,95,56,58,57,405,70,29000,142
652,782,chesnaught,652,grass,fighting,88,107,122,74,75,64,530,160,90000,239
653,783,fennekin,653,fire,None,40,45,40,62,60,60,307,40,9400,61
654,784,braixen,654,fire,None,59,59,58,90,70,73,409,100,14500,143
655,785,delphox,655,fire,psychic,75,69,72,114,100,104,534,150,39000,240
656,786,froakie,656,water,None,41,56,40,62,44,71,314,30,7000,63
657,787,frogadier,657,water,None,54,63,52,83,56,97,405,60,10900,142
658,788,greninja,658,water,dark,72,95,67,103,71,122,530,150,40000,239
659,791,bunnelby,659,normal,None,38,36,38,32,36,57,237,40,5000,47
660,792,diggersby,660,normal,ground,85,56,77,50,77,78,423,100,42400,148
661,793,fletchling,661,normal,flying,45,50,43,40,38,62,278,30,1700,56
662,794,fletchinder,662,fire,flying,62,73,55,56,52,84,382,70,16000,134
663,795,talonflame,663,fire,flying,78,81,71,74,69,126,499,120,24500,175
664,796,scatterbug,664,bug,None,38,35,40,27,25,35,200,30,2500,40
665,797,spewpa,665,bug,None,45,22,60,27,30,29,213,30,8400,75
666,798,vivillon,666,bug,flying,80,52,50,90,50,89,411,120,17000,185
667,799,litleo,667,fire,normal,62,50,58,73,54,72,369,60,13500,74
668,800,pyroar,668,fire,normal,86,68,72,109,66,106,507,150,81500,177
669,801,flabebe,669,fairy,None,44,38,39,61,79,42,303,10,100,61
670,802,floette,670,fairy,None,54,45,47,75,98,52,371,20,900,130
671,804,florges,671,fairy,None,78,65,68,112,154,75,552,110,10000,248
672,805,skiddo,672,grass,None,66,65,48,62,57,52,350,90,31000,70
673,806,gogoat,673,grass,None,123,100,62,97,81,68,531,170,91000,186
674,807,pancham,674,fighting,None,67,82,62,46,48,43,348,60,8000,70
675,808,pangoro,675,fighting,dark,95,124,78,69,71,58,495,210,136000,173
676,809,furfrou,676,normal,None,75,80,60,65,90,102,472,120,28000,165
677,810,espurr,677,psychic,None,62,48,54,63,60,68,355,30,3500,71
678,811,meowstic-male,678,psychic,None,74,48,76,83,81,104,466,60,8500,163
679,813,honedge,679,steel,ghost,45,80,100,35,37,28,325,80,2000,65
680,814,doublade,680,steel,ghost,59,110,150,45,49,35,448,80,4500,157
681,815,aegislash-shield,681,steel,ghost,60,50,140,50,140,60,500,170,53000,234
682,817,spritzee,682,fairy,None,78,52,60,63,65,23,341,20,500,68
683,818,aromatisse,683,fairy,None,101,72,72,99,89,29,462,80,15500,162
684,819,swirlix,684,fairy,None,62,48,66,59,57,49,341,40,3500,68
685,820,slurpuff,685,fairy,None,82,80,86,85,75,72,480,80,5000,168
686,821,inkay,686,dark,psychic,53,54,53,37,46,45,288,40,3500,58
687,822,malamar,687,dark,psychic,86,92,88,68,75,73,482,150,47000,169
688,823,binacle,688,rock,water,42,52,67,39,56,50,306,50,31000,61
689,824,barbaracle,689,rock,water,72,105,115,54,86,68,500,130,96000,175
690,825,skrelp,690,poison,water,50,60,60,60,60,30,320,50,7300,64
691,826,dragalge,691,poison,dragon,65,75,90,97,123,44,494,180,81500,173
692,827,clauncher,692,water,None,50,53,62,58,63,44,330,50,8300,66
693,828,clawitzer,693,water,None,71,73,88,120,89,59,500,130,35300,100
694,829,helioptile,694,electric,normal,44,38,33,61,43,70,289,50,6000,58
695,830,heliolisk,695,electric,normal,62,55,52,109,94,109,481,100,21000,168
696,831,tyrunt,696,rock,dragon,58,89,77,45,45,48,362,80,26000,72
697,832,tyrantrum,697,rock,dragon,82,121,119,69,59,71,521,250,270000,182
698,833,amaura,698,rock,ice,77,59,50,67,63,46,362,130,25200,72
699,834,aurorus,699,rock,ice,123,77,72,99,92,58,521,270,225000,104
700,224,sylveon,700,fairy,None,95,65,65,110,130,60,525,100,23500,184
701,835,hawlucha,701,fighting,flying,78,92,75,74,63,118,500,80,21500,175
702,836,dedenne,702,electric,fairy,67,58,57,81,67,101,431,20,2200,151
703,837,carbink,703,rock,fairy,50,50,150,50,150,50,500,30,5700,100
704,838,goomy,704,dragon,None,45,50,35,55,75,40,300,30,2800,60
705,839,sliggoo,705,dragon,None,68,75,53,83,113,60,452,80,17500,158
706,840,goodra,706,dragon,None,90,100,70,110,150,80,600,200,150500,270
707,841,klefki,707,steel,fairy,57,80,91,80,87,75,470,20,3000,165
708,842,phantump,708,ghost,grass,43,70,48,50,60,38,309,40,7000,62
709,843,trevenant,709,ghost,grass,85,110,76,65,82,56,474,150,71000,166
710,844,pumpkaboo-average,710,ghost,grass,49,66,70,44,55,51,335,40,5000,67
711,848,gourgeist-average,711,ghost,grass,65,90,122,58,75,84,494,90,12500,173
712,852,bergmite,712,ice,None,55,69,85,32,35,28,304,100,99500,61
713,853,avalugg,713,ice,None,95,117,184,44,46,28,514,200,505000,180
714,854,noibat,714,flying,dragon,40,30,35,45,40,55,245,50,8000,49
715,855,noivern,715,flying,dragon,85,70,80,97,80,123,535,150,85000,187
716,856,xerneas,716,fairy,None,126,131,95,131,98,99,680,300,215000,306
717,857,yveltal,717,dark,flying,126,131,95,131,98,99,680,580,203000,306
718,858,zygarde-50,718,dragon,ground,108,100,121,81,95,95,600,500,305000,270
719,863,diancie,719,rock,fairy,50,100,150,100,150,50,600,70,8800,270
720,865,hoopa,720,psychic,ghost,80,110,60,150,130,70,600,50,9000,270
721,867,volcanion,721,fire,water,80,110,120,130,90,70,600,170,195000,270
722,868,rowlet,722,grass,flying,68,55,55,50,50,42,320,30,1500,64
723,869,dartrix,723,grass,flying,78,75,75,70,70,52,420,70,16000,147
724,870,decidueye,724,grass,ghost,78,107,75,100,100,70,530,160,36600,239
725,871,litten,725,fire,None,45,65,40,60,40,70,320,40,4300,64
726,872,torracat,726,fire,None,65,85,50,80,50,90,420,70,25000,147
727,873,incineroar,727,fire,dark,95,115,90,80,90,60,530,180,83000,239
728,874,popplio,728,water,None,50,54,54,66,56,40,320,40,7500,64
729,875,brionne,729,water,None,60,69,69,91,81,50,420,60,17500,147
730,876,primarina,730,water,fairy,80,74,74,126,116,60,530,180,44000,239
731,877,pikipek,731,normal,flying,35,75,30,30,30,65,265,30,1200,53
732,878,trumbeak,732,normal,flying,55,85,50,40,50,75,355,60,14800,124
733,879,toucannon,733,normal,flying,80,120,75,75,75,60,485,110,26000,218
734,880,yungoos,734,normal,None,48,70,30,30,30,45,253,40,6000,51
735,881,gumshoos,735,normal,None,88,110,60,55,60,45,418,70,14200,146
736,883,grubbin,736,bug,None,47,62,45,55,45,46,300,40,4400,60
737,884,charjabug,737,bug,electric,57,82,95,55,75,36,400,50,10500,140
738,885,vikavolt,738,bug,electric,77,70,90,145,75,43,500,150,45000,225
739,887,crabrawler,739,fighting,None,47,82,57,42,47,63,338,60,7000,68
740,888,crabominable,740,fighting,ice,97,132,77,62,67,43,478,170,180000,167
741,889,oricorio-baile,741,fire,flying,75,70,70,98,70,93,476,60,3400,167
742,893,cutiefly,742,bug,fairy,40,45,40,55,40,84,304,10,200,61
743,894,ribombee,743,bug,fairy,60,55,60,95,70,124,464,20,500,162
744,896,rockruff,744,rock,None,45,65,40,30,40,60,280,50,9200,56
745,898,lycanroc-midday,745,rock,None,75,115,65,55,65,112,487,80,25000,170
746,901,wishiwashi-solo,746,water,None,45,20,20,25,25,40,175,20,300,61
747,903,mareanie,747,poison,water,50,53,62,43,52,45,305,40,8000,61
748,904,toxapex,748,poison,water,50,63,152,53,142,35,495,70,14500,173
749,905,mudbray,749,ground,None,70,100,70,45,55,45,385,100,110000,77
750,906,mudsdale,750,ground,None,100,125,100,55,85,35,500,250,920000,175
751,907,dewpider,751,water,bug,38,40,52,40,72,27,269,30,4000,54
752,908,araquanid,752,water,bug,68,70,92,50,132,42,454,180,82000,159
753,910,fomantis,753,grass,None,40,55,35,50,35,35,250,30,1500,50
754,911,lurantis,754,grass,None,70,105,90,80,90,45,480,90,18500,168
755,913,morelull,755,grass,fairy,40,35,55,65,75,15,285,20,1500,57
756,914,shiinotic,756,grass,fairy,60,45,80,90,100,30,405,100,11500,142
757,915,salandit,757,poison,fire,48,44,40,71,40,77,320,60,4800,64
758,916,salazzle,758,poison,fire,68,64,60,111,60,117,480,120,22200,168
759,918,stufful,759,normal,fighting,70,75,50,45,50,50,340,50,6800,68
760,919,bewear,760,normal,fighting,120,125,80,55,60,60,500,210,135000,175
761,920,bounsweet,761,grass,None,42,30,38,30,38,32,210,30,3200,42
762,921,steenee,762,grass,None,52,40,48,40,48,62,290,70,8200,102
763,922,tsareena,763,grass,None,72,120,98,50,98,72,510,120,21400,230
764,923,comfey,764,fairy,None,51,52,90,82,110,100,485,10,300,170
765,924,oranguru,765,normal,psychic,90,60,80,90,110,60,490,150,76000,172
766,925,passimian,766,fighting,None,100,120,90,40,60,80,490,200,82800,172
767,926,wimpod,767,bug,water,25,35,40,20,30,80,230,50,12000,46
768,927,golisopod,768,bug,water,75,125,140,60,90,40,530,200,108000,186
769,928,sandygast,769,ghost,ground,55,55,80,70,45,15,320,50,70000,64
770,929,palossand,770,ghost,ground,85,75,110,100,75,35,480,130,250000,168
771,930,pyukumuku,771,water,None,55,60,130,30,130,5,410,30,1200,144
772,931,type-null,772,normal,None,95,95,95,95,95,59,534,190,120500,107
773,932,silvally,773,normal,None,95,95,95,95,95,95,570,230,100500,257
774,933,minior-red-meteor,774,rock,flying,60,60,100,60,100,60,440,30,40000,154
775,947,komala,775,normal,None,65,115,65,75,95,65,480,40,19900,168
776,948,turtonator,776,fire,dragon,60,78,135,91,85,36,485,200,212000,170
777,949,togedemaru,777,electric,steel,65,98,63,40,73,96,435,30,3300,152
778,951,mimikyu-disguised,778,ghost,fairy,55,90,80,50,105,96,476,20,700,167
779,955,bruxish,779,water,psychic,68,105,70,70,70,92,475,90,19000,166
780,956,drampa,780,normal,dragon,78,60,85,135,91,36,485,300,185000,170
781,957,dhelmise,781,ghost,grass,70,131,100,86,90,40,517,390,210000,181
782,958,jangmo-o,782,dragon,None,45,55,65,45,45,45,300,60,29700,60
783,959,hakamo-o,783,dragon,fighting,55,75,90,65,70,65,420,120,47000,147
784,960,kommo-o,784,dragon,fighting,75,110,125,100,105,85,600,160,78200,270
785,962,tapu-koko,785,electric,fairy,70,115,85,95,75,130,570,180,20500,257
786,963,tapu-lele,786,psychic,fairy,70,85,75,130,115,95,570,120,18600,257
787,964,tapu-bulu,787,grass,fairy,70,130,115,85,95,75,570,190,45500,257
788,965,tapu-fini,788,water,fairy,70,75,115,95,130,85,570,130,21200,257
789,966,cosmog,789,psychic,None,43,29,31,29,31,37,200,20,100,40
790,967,cosmoem,790,psychic,None,43,29,131,29,131,37,400,10,999900,140
791,968,solgaleo,791,psychic,steel,137,137,107,113,89,97,680,340,230000,306
792,969,lunala,792,psychic,ghost,137,113,89,137,107,97,680,400,120000,306
793,970,nihilego,793,rock,poison,109,53,47,127,131,103,570,120,55500,257
794,971,buzzwole,794,bug,fighting,107,139,139,53,53,79,570,240,333600,257
795,972,pheromosa,795,bug,fighting,71,137,37,137,37,151,570,180,25000,257
796,973,xurkitree,796,electric,None,83,89,71,173,71,83,570,380,100000,257
797,974,celesteela,797,steel,flying,97,101,103,107,101,61,570,920,999900,257
798,975,kartana,798,grass,steel,59,181,131,59,31,109,570,30,100,257
799,976,guzzlord,799,dark,dragon,223,101,53,97,53,43,570,550,888000,257
800,977,necrozma,800,psychic,None,97,107,101,127,89,79,600,240,230000,270
801,981,magearna,801,steel,fairy,80,95,115,130,115,65,600,100,80500,270
802,983,marshadow,802,fighting,ghost,90,125,80,90,90,125,600,70,22200,270
803,984,poipole,803,poison,None,67,73,67,73,67,73,420,60,1800,189
804,985,naganadel,804,poison,dragon,73,73,73,127,73,121,540,360,150000,243
805,986,stakataka,805,rock,steel,61,131,211,53,101,13,570,550,820000,257
806,987,blacephalon,806,fire,ghost,53,127,53,151,79,107,570,180,13000,257
807,988,zeraora,807,electric,None,88,112,75,102,80,143,600,150,44500,270
808,989,meltan,808,steel,None,46,65,65,55,35,34,300,20,8000,135
809,990,melmetal,809,steel,None,135,143,143,80,65,34,600,250,800000,270
810,991,grookey,810,grass,None,50,65,50,40,40,65,310,30,5000,62
811,992,thwackey,811,grass,None,70,85,70,55,60,80,420,70,14000,147
812,993,rillaboom,812,grass,None,100,125,90,60,70,85,530,210,90000,265
813,994,scorbunny,813,fire,None,50,71,40,40,40,69,310,30,4500,62
814,995,raboot,814,fire,None,65,86,60,55,60,94,420,60,9000,147
815,996,cinderace,815,fire,None,80,116,75,65,75,119,530,140,33000,265
816,997,sobble,816,water,None,50,40,40,70,40,70,310,30,4000,62
817,998,drizzile,817,water,None,65,60,55,95,55,90,420,70,11500,147
818,999,inteleon,818,water,None,70,85,65,125,65,120,530,190,45200,265
819,1000,skwovet,819,normal,None,70,55,55,35,35,25,275,30,2500,55
820,1001,greedent,820,normal,None,120,95,95,55,75,20,460,60,6000,161
821,1002,rookidee,821,flying,None,38,47,35,33,35,57,245,20,1800,49
822,1003,corvisquire,822,flying,None,68,67,55,43,55,77,365,80,16000,128
823,1004,corviknight,823,flying,steel,98,87,105,53,85,67,495,220,75000,248
824,1005,blipbug,824,bug,None,25,20,20,25,45,45,180,40,8000,36
825,1006,dottler,825,bug,psychic,50,35,80,50,90,30,335,40,19500,117
826,1007,orbeetle,826,bug,psychic,60,45,110,80,120,90,505,40,40800,253
827,1008,nickit,827,dark,None,40,28,28,47,52,50,245,60,8900,49
828,1009,thievul,828,dark,None,70,58,58,87,92,90,455,120,19900,159
829,1010,gossifleur,829,grass,None,40,40,60,40,60,10,250,40,2200,50
830,1011,eldegoss,830,grass,None,60,50,90,80,120,60,460,50,2500,161
831,1012,wooloo,831,normal,None,42,40,55,40,45,48,270,60,6000,122
832,1013,dubwool,832,normal,None,72,80,100,60,90,88,490,130,43000,172
833,1014,chewtle,833,water,None,50,64,50,38,38,44,284,30,8500,57
834,1015,drednaw,834,water,rock,90,115,90,48,68,74,485,100,115500,170
835,1016,yamper,835,electric,None,59,45,50,40,50,26,270,30,13500,54
836,1017,boltund,836,electric,None,69,90,60,90,60,121,490,100,34000,172
837,1018,rolycoly,837,rock,None,30,40,50,40,50,30,240,30,12000,48
838,1019,carkol,838,rock,fire,80,60,90,60,70,50,410,110,78000,144
839,1020,coalossal,839,rock,fire,110,80,120,80,90,30,510,280,310500,255
840,1021,applin,840,grass,dragon,40,40,80,40,40,20,260,20,500,52
841,1022,flapple,841,grass,dragon,70,110,80,95,60,70,485,30,1000,170
842,1023,appletun,842,grass,dragon,110,85,80,100,80,30,485,40,13000,170
843,1024,silicobra,843,ground,None,52,57,75,35,50,46,315,220,7600,63
844,1025,sandaconda,844,ground,None,72,107,125,65,70,71,510,380,65500,179
845,1026,cramorant,845,flying,water,70,85,55,85,95,85,475,80,18000,166
846,1029,arrokuda,846,water,None,41,63,40,40,30,66,280,50,1000,56
847,1030,barraskewda,847,water,None,61,123,60,60,50,136,490,130,30000,172
848,1031,toxel,848,electric,poison,40,38,35,54,35,40,242,40,11000,48
849,1032,toxtricity-amped,849,electric,poison,75,98,70,114,70,75,502,160,40000,176
850,1034,sizzlipede,850,fire,bug,50,65,45,50,50,45,305,70,1000,61
851,1035,centiskorch,851,fire,bug,100,115,65,90,90,65,525,300,120000,184
852,1036,clobbopus,852,fighting,None,50,68,60,50,50,32,310,60,4000,62
853,1037,grapploct,853,fighting,None,80,118,90,70,80,42,480,160,39000,168
854,1038,sinistea,854,ghost,None,40,45,45,74,54,50,308,10,200,62
855,1039,polteageist,855,ghost,None,60,65,65,134,114,70,508,20,400,178
856,1040,hatenna,856,psychic,None,42,30,45,56,53,39,265,40,3400,53
857,1041,hattrem,857,psychic,None,57,40,65,86,73,49,370,60,4800,130
858,1042,hatterene,858,psychic,fairy,57,90,95,136,103,29,510,210,5100,255
859,1043,impidimp,859,dark,fairy,45,45,30,55,40,50,265,40,5500,53
860,1044,morgrem,860,dark,fairy,65,60,45,75,55,70,370,80,12500,130
861,1045,grimmsnarl,861,dark,fairy,95,120,65,95,75,60,510,150,61000,255
862,1046,obstagoon,862,dark,normal,93,90,101,60,81,95,520,160,46000,260
863,1047,perrserker,863,steel,None,70,110,100,50,60,50,440,80,28000,154
864,1048,cursola,864,ghost,None,60,95,50,145,130,30,510,100,400,179
865,1049,sirfetchd,865,fighting,None,62,135,95,68,82,65,507,80,117000,177
866,1050,mr-rime,866,ice,psychic,80,85,75,110,100,70,520,150,58200,182
867,1051,runerigus,867,ground,ghost,58,95,145,50,105,30,483,160,66600,169
868,1052,milcery,868,fairy,None,45,40,40,50,61,34,270,20,300,54
869,1053,alcremie,869,fairy,None,65,60,75,110,121,64,495,30,500,173
870,1054,falinks,870,fighting,None,65,100,100,70,60,75,470,300,62000,165
871,1055,pincurchin,871,electric,None,48,101,95,91,85,15,435,30,1000,152
872,1056,snom,872,ice,bug,30,25,35,45,30,20,185,30,3800,37
873,1057,frosmoth,873,ice,bug,70,65,60,125,90,65,475,130,42000,166
874,1058,stonjourner,874,rock,None,100,125,135,20,20,70,470,250,520000,165
875,1059,eiscue-ice,875,ice,None,75,80,110,65,90,50,470,140,89000,165
876,1061,indeedee-male,876,psychic,normal,60,65,55,105,95,95,475,90,28000,166
877,1063,morpeko-full-belly,877,electric,dark,58,95,58,70,58,97,436,30,3000,153
878,1065,cufant,878,steel,None,72,80,49,40,49,40,330,120,100000,66
879,1066,copperajah,879,steel,None,122,130,69,80,69,30,500,300,650000,175
880,1067,dracozolt,880,electric,dragon,90,100,90,80,70,75,505,180,190000,177
881,1068,arctozolt,881,electric,ice,90,100,90,90,80,55,505,230,150000,177
882,1069,dracovish,882,water,dragon,90,90,100,70,80,75,505,230,215000,177
883,1070,arctovish,883,water,ice,90,90,100,80,90,55,505,200,175000,177
884,1071,duraludon,884,steel,dragon,70,95,115,120,50,85,535,180,40000,187
885,1072,dreepy,885,dragon,ghost,28,60,30,40,30,82,270,50,2000,54
886,1073,drakloak,886,dragon,ghost,68,80,50,60,50,102,410,140,11000,144
887,1074,dragapult,887,dragon,ghost,88,120,75,100,75,142,600,300,50000,300
888,1075,zacian,888,fairy,None,92,120,115,80,115,138,660,280,110000,335
889,1077,zamazenta,889,fighting,None,92,120,115,80,115,138,660,290,210000,335
890,1079,eternatus,890,poison,dragon,140,85,95,145,95,130,690,2000,950000,345
891,1081,kubfu,891,fighting,None,60,90,60,53,50,72,385,60,12000,77
892,1082,urshifu-single-strike,892,fighting,dark,100,130,100,63,60,97,550,190,105000,275
893,1084,zarude,893,dark,grass,105,120,105,70,95,105,600,180,70000,300
894,1086,regieleki,894,electric,None,80,100,50,100,50,200,580,120,145000,290
895,1087,regidrago,895,dragon,None,200,100,50,100,50,80,580,210,200000,290
896,1088,glastrier,896,ice,None,100,145,130,65,110,30,580,220,800000,290
897,1089,spectrier,897,ghost,None,100,65,60,145,80,130,580,200,44500,290
898,1090,calyrex,898,psychic,grass,100,80,80,80,80,80,500,110,7700,250
899,-1,wyrdeer,899,normal,psychic,103,105,72,105,75,65,525,180,95100,263
900,-1,kleavor,900,bug,rock,70,135,95,45,70,85,500,180,89000,175
901,-1,ursaluna,901,ground,normal,130,140,105,45,80,50,550,240,290000,275
902,-1,basculegion-male,902,water,ghost,120,112,65,80,75,78,530,300,110000,265
903,-1,sneasler,903,fighting,poison,80,130,60,40,80,120,510,130,43000,102
904,-1,overqwil,904,dark,poison,85,115,95,65,65,85,510,250,60500,179
905,-1,enamorus-incarnate,905,fairy,flying,74,115,70,135,80,106,580,160,48000,116
906,906,sprigatito,906,grass,None,40,61,54,45,45,65,310,40,4100,62
907,907,floragato,907,grass,None,61,80,63,60,63,83,410,90,12200,144
908,908,meowscarada,908,grass,dark,76,110,70,81,70,123,530,150,31200,265
909,909,fuecoco,909,fire,None,67,45,59,63,40,36,310,40,9800,62
910,910,crocalor,910,fire,None,81,55,78,90,58,49,411,100,30700,144
911,911,skeledirge,911,fire,ghost,104,75,100,110,75,66,530,160,326500,265
912,912,quaxly,912,water,None,55,65,45,50,45,50,310,50,6100,62
913,913,quaxwell,913,water,None,70,85,65,65,60,65,410,120,21500,144
914,914,quaquaval,914,water,fighting,85,120,80,85,75,85,530,180,61900,265
915,915,lechonk,915,normal,None,54,45,40,35,45,35,254,50,10200,51
916,916,oinkologne-male,916,normal,None,110,100,75,59,80,65,489,100,120000,171
917,918,tarountula,917,bug,None,35,41,45,29,40,20,210,30,4000,42
918,919,spidops,918,bug,None,60,79,92,52,86,35,404,100,16500,141
919,920,nymble,919,bug,None,33,46,40,21,25,45,210,20,1000,42
920,921,lokix,920,bug,dark,71,102,78,52,55,92,450,100,17500,158
921,954,pawmi,921,electric,None,45,50,20,40,25,60,240,30,2500,48
922,955,pawmo,922,electric,fighting,60,75,40,50,40,85,350,40,6500,123
923,956,pawmot,923,electric,fighting,70,115,70,70,60,105,490,90,41000,245
924,945,tandemaus,924,normal,None,50,50,45,40,45,75,305,30,1800,61
925,946,maushold-family-of-four,925,normal,None,74,75,70,65,75,111,470,30,2300,165
926,970,fidough,926,fairy,None,37,55,70,30,55,65,312,30,10900,62
927,971,dachsbun,927,fairy,None,57,80,115,50,80,95,477,50,14900,167
928,935,smoliv,928,grass,normal,41,35,45,58,51,30,260,30,6500,52
929,936,dolliv,929,grass,normal,52,53,60,78,78,33,354,60,11900,124
930,937,arboliva,930,grass,normal,78,69,90,125,109,39,510,140,48200,255
931,960,squawkabilly-green-plumage,931,normal,flying,82,96,51,45,51,92,417,60,2400,146
932,963,nacli,932,rock,None,55,55,75,35,35,25,280,40,16000,56
933,964,naclstack,933,rock,None,60,60,100,35,65,35,355,60,105000,124
934,965,garganacl,934,rock,None,100,100,130,45,90,35,500,230,240000,250
935,1003,charcadet,935,fire,None,40,50,40,50,40,35,255,60,10500,51
936,1004,armarouge,936,fire,psychic,85,60,100,125,80,75,525,150,85000,263
937,1005,ceruledge,937,fire,ghost,75,125,80,60,100,85,525,160,62000,263
938,940,tadbulb,938,electric,None,61,31,41,59,35,45,272,30,400,54
939,941,bellibolt,939,electric,None,109,64,91,103,83,45,495,120,113000,173
940,957,wattrel,940,electric,flying,40,40,35,55,40,70,280,40,3600,56
941,958,kilowattrel,941,electric,flying,70,70,60,105,60,125,490,140,38600,172
942,972,maschiff,942,dark,None,60,78,60,40,51,51,340,50,16000,68
943,973,mabosstiff,943,dark,None,80,120,90,60,70,85,505,110,61000,177
944,968,shroodle,944,poison,normal,40,65,35,40,35,75,290,20,700,58
945,969,grafaiai,945,poison,normal,63,95,65,80,72,110,485,70,27200,170
946,974,bramblin,946,grass,ghost,40,65,30,45,35,60,275,60,600,55
947,975,brambleghast,947,grass,ghost,55,115,70,80,70,90,480,120,6000,168
948,1006,toedscool,948,ground,grass,40,40,35,50,100,70,335,90,33000,67
949,1007,toedscruel,949,ground,grass,80,70,65,80,120,100,515,190,58000,180
950,962,klawf,950,rock,None,70,100,115,35,55,75,450,130,79000,158
951,938,capsakid,951,grass,None,50,62,40,62,40,50,304,30,3000,61
952,939,scovillain,952,grass,fire,65,108,65,108,65,75,486,90,15000,170
953,922,rellor,953,bug,None,41,50,60,31,58,30,270,20,1000,54
954,923,rabsca,954,bug,psychic,75,50,85,115,100,45,470,30,3500,165
955,926,flittle,955,psychic,None,30,35,30,55,30,75,255,20,1500,51
956,927,espathra,956,psychic,None,95,60,60,101,60,105,481,190,90000,168
957,1000,tinkatink,957,fairy,steel,50,45,45,35,64,58,297,40,8900,59
958,1001,tinkatuff,958,fairy,steel,65,55,55,45,82,78,380,70,59100,133
959,1002,tinkaton,959,fairy,steel,85,75,77,70,105,94,506,70,112800,253
960,929,wiglett,960,water,None,10,55,25,35,25,95,245,120,1800,49
961,930,wugtrio,961,water,None,35,100,50,50,70,120,425,120,5400,149
962,959,bombirdier,962,flying,dark,70,103,85,60,85,82,485,150,42900,243
963,933,finizen,963,water,None,70,45,40,45,40,75,315,130,60200,63
964,934,palafin-zero,964,water,None,100,70,72,53,62,100,457,130,60200,160
965,942,varoom,965,steel,poison,45,70,63,30,45,47,300,100,35000,60
966,943,revavroom,966,steel,poison,80,119,90,54,67,90,500,180,120000,175
967,953,cyclizar,967,dragon,normal,70,95,65,85,65,121,501,160,63000,175
968,944,orthworm,968,steel,None,70,85,145,60,55,65,480,250,310000,240
969,966,glimmet,969,rock,poison,48,35,42,105,60,60,350,70,8000,70
970,967,glimmora,970,rock,poison,83,55,90,130,81,86,525,150,45000,184
971,924,greavard,971,ghost,None,50,61,60,30,55,34,290,60,35000,58
972,925,houndstone,972,ghost,None,72,101,100,50,97,68,488,200,15000,171
973,961,flamigo,973,flying,fighting,82,115,74,75,64,90,500,160,37000,175
974,947,cetoddle,974,ice,None,108,68,45,30,40,43,334,120,45000,67
975,948,cetitan,975,ice,None,170,113,65,45,55,73,521,450,700000,182
976,932,veluza,976,water,psychic,90,102,73,78,65,70,478,250,90000,167
977,931,dondozo,977,water,None,150,100,115,65,65,35,530,1200,220000,265
978,952,tatsugiri-curly,978,dragon,water,68,50,60,120,95,82,475,30,8000,166
979,1010,annihilape,979,fighting,ghost,110,115,80,50,90,90,535,120,56000,268
980,1009,clodsire,980,poison,ground,130,75,60,45,100,20,430,180,223000,151
981,928,farigiraf,981,normal,psychic,120,90,70,110,70,60,520,320,160000,260
982,917,dudunsparce-two-segment,982,normal,None,125,100,80,85,75,55,520,360,39200,182
983,1008,kingambit,983,dark,steel,100,135,120,60,85,50,550,200,120000,275
984,978,great-tusk,984,ground,fighting,115,131,131,53,53,87,570,220,320000,285
985,982,scream-tail,985,fairy,psychic,115,65,99,65,115,111,570,120,8000,285
986,979,brute-bonnet,986,grass,dark,111,127,99,79,99,55,570,120,21000,285
987,983,flutter-mane,987,ghost,fairy,55,55,55,135,135,135,570,140,4000,285
988,984,slither-wing,988,bug,fighting,85,135,79,85,105,81,570,320,92000,285
989,981,sandy-shocks,989,electric,ground,85,81,97,121,85,101,570,230,60000,285
990,986,iron-treads,990,ground,steel,90,112,120,72,70,106,570,90,240000,285
991,992,iron-bundle,991,ice,water,56,80,114,124,60,136,570,60,11000,285
992,989,iron-hands,992,fighting,electric,154,140,108,50,68,50,570,180,380700,285
993,990,iron-jugulis,993,dark,flying,94,80,86,122,80,108,570,130,111000,285
994,988,iron-moth,994,fire,poison,80,70,60,140,110,110,570,120,36000,285
995,991,iron-thorns,995,rock,electric,100,134,110,70,84,72,570,160,303000,285
996,949,frigibax,996,dragon,ice,65,75,45,35,45,55,320,50,17000,64
997,950,arctibax,997,dragon,ice,90,95,66,45,65,62,423,80,30000,148
998,951,baxcalibur,998,dragon,ice,115,145,92,75,86,87,600,210,210000,300
999,976,gimmighoul,999,ghost,None,45,30,70,75,70,10,300,30,5000,60
1000,977,gholdengo,1000,steel,ghost,87,60,95,133,91,84,550,120,30000,275
1001,996,wo-chien,1001,dark,grass,85,85,100,95,135,70,570,150,74200,285
1002,995,chien-pao,1002,dark,ice,80,120,80,90,65,135,570,190,152200,285
1003,994,ting-lu,1003,dark,ground,155,110,125,55,80,45,570,270,699700,285
1004,997,chi-yu,1004,dark,fire,55,80,80,135,120,100,570,40,4900,285
1005,985,roaring-moon,1005,dragon,dark,105,139,71,55,101,119,590,200,380000,295
1006,993,iron-valiant,1006,fairy,fighting,74,130,90,120,60,116,590,140,35000,295
1007,998,koraidon,1007,fighting,dragon,100,135,115,85,100,135,670,250,303000,335
1008,999,miraidon,1008,electric,dragon,100,85,100,135,115,135,670,350,240000,335
1009,1093,walking-wake,1009,water,dragon,99,83,91,125,83,109,590,350,280000,295
1010,1094,iron-leaves,1010,grass,psychic,90,130,88,70,108,104,590,150,125000,295
1011,1095,dipplin,1011,grass,dragon,80,80,110,95,80,40,485,40,9700,170
1012,1096,poltchageist,1012,grass,ghost,40,45,45,74,54,50,308,10,1100,62
1013,1097,sinistcha,1013,grass,ghost,71,60,106,121,80,70,508,20,2200,178
1014,1098,okidogi,1014,poison,fighting,88,128,115,58,86,80,555,180,92200,278
1015,1099,munkidori,1015,poison,psychic,88,75,66,130,90,106,555,100,12200,278
1016,1100,fezandipiti,1016,poison,fairy,88,91,82,70,125,99,555,140,30100,278
1017,1101,ogerpon,1017,grass,None,80,120,84,60,96,110,550,120,39800,275
1018,1102,archaludon,1018,steel,dragon,90,105,130,125,65,85,600,200,60000,300
1019,1103,hydrapple,1019,grass,dragon,106,80,110,120,80,44,540,180,93000,270
1020,1104,gouging-fire,1020,fire,dragon,105,115,121,65,93,91,590,350,590000,295
1021,1105,raging-bolt,1021,electric,dragon,125,73,91,137,89,75,590,520,480000,295
1022,1106,iron-boulder,1022,rock,psychic,90,120,80,68,108,124,590,150,162500,295
1023,1107,iron-crown,1023,steel,psychic,90,72,100,122,108,98,590,160,156000,295
1024,1108,terapagos,1024,normal,None,90,65,85,65,85,60,450,20,6500,90
1025,1109,pecharunt,1025,poison,ghost,88,88,160,88,88,88,600,30,300,300
10001,515,deoxys-attack,386,psychic,None,50,180,20,180,20,150,600,170,60800,270
10002,516,deoxys-defense,386,psychic,None,50,70,160,70,160,90,600,170,60800,270
10003,517,deoxys-speed,386,psychic,None,50,95,90,95,90,180,600,170,60800,270
10004,543,wormadam-sandy,413,bug,ground,60,79,105,59,85,36,424,50,6500,148
10005,544,wormadam-trash,413,bug,steel,60,69,95,69,95,36,424,50,6500,148
10006,607,shaymin-sky,492,grass,flying,100,103,75,120,75,127,600,40,5200,270
10007,601,giratina-origin,487,ghost,dragon,150,120,100,120,100,90,680,690,650000,340
10008,588,rotom-heat,479,electric,fire,50,65,107,105,107,86,520,30,300,182
10009,589,rotom-wash,479,electric,water,50,65,107,105,107,86,520,30,300,182
10010,590,rotom-frost,479,electric,ice,50,65,107,105,107,86,520,30,300,182
10011,591,rotom-fan,479,electric,flying,50,65,107,105,107,86,520,30,300,182
10012,592,rotom-mow,479,electric,grass,50,65,107,105,107,86,520,30,300,182
10013,465,castform-sunny,351,fire,None,70,70,70,70,70,70,420,30,800,147
10014,466,castform-rainy,351,water,None,70,70,70,70,70,70,420,30,800,147
10015,467,castform-snowy,351,ice,None,70,70,70,70,70,70,420,30,800,147
10016,667,basculin-blue-striped,550,water,None,70,92,65,80,55,98,460,100,18000,161
10017,674,darmanitan-zen,555,fire,psychic,105,30,105,140,105,55,540,130,92900,189
10018,778,meloetta-pirouette,648,normal,fighting,100,128,90,77,77,128,600,60,6500,270
10019,765,tornadus-therian,641,flying,None,79,100,80,110,90,121,580,140,63000,290
10020,767,thundurus-therian,642,electric,flying,79,105,70,145,80,101,580,300,61000,290
10021,771,landorus-therian,645,ground,flying,89,145,90,105,80,91,600,130,68000,300
10022,774,kyurem-black,646,dragon,ice,125,170,100,120,90,95,700,330,325000,350
10023,773,kyurem-white,646,dragon,ice,125,120,90,170,100,95,700,360,325000,350
10024,776,keldeo-resolute,647,water,fighting,91,72,90,129,90,108,580,140,48500,290
10025,812,meowstic-female,678,psychic,None,74,48,76,83,81,104,466,60,8500,163
10026,816,aegislash-blade,681,steel,ghost,60,140,50,140,50,60,500,170,53000,250
10027,845,pumpkaboo-small,710,ghost,grass,44,66,70,44,55,56,335,30,3500,67
10028,846,pumpkaboo-large,710,ghost,grass,54,66,70,44,55,46,335,50,7500,67
10029,847,pumpkaboo-super,710,ghost,grass,59,66,70,44,55,41,335,80,15000,67
10030,849,gourgeist-small,711,ghost,grass,55,85,122,58,75,99,494,70,9500,173
10031,850,gourgeist-large,711,ghost,grass,75,95,122,58,75,69,494,110,14000,173
10032,851,gourgeist-super,711,ghost,grass,85,100,122,58,75,54,494,170,39000,173
10033,4,venusaur-mega,3,grass,poison,80,100,123,122,120,80,625,240,155500,281
10034,8,charizard-mega-x,6,fire,dragon,78,130,111,130,85,100,634,170,110500,285
10035,9,charizard-mega-y,6,fire,flying,78,104,78,159,115,100,634,170,100500,285
10036,13,blastoise-mega,9,water,None,79,103,120,135,115,78,630,160,101100,284
10037,106,alakazam-mega,65,psychic,None,55,50,65,175,105,150,600,120,48000,270
10038,150,gengar-mega,94,ghost,poison,60,65,80,170,95,130,600,140,40500,270
10039,185,kangaskhan-mega,115,normal,None,105,125,100,60,100,100,590,220,100000,207
10040,208,pinsir-mega,127,bug,flying,65,155,120,65,90,105,600,170,59000,210
10041,212,gyarados-mega,130,water,dark,95,155,109,70,130,81,640,650,305000,224
10042,233,aerodactyl-mega,142,rock,flying,80,135,85,70,95,150,615,210,79000,215
10043,246,mewtwo-mega-x,150,psychic,fighting,106,190,100,154,100,130,780,230,127000,351
10044,247,mewtwo-mega-y,150,psychic,None,106,150,70,194,120,140,780,150,33000,351
10045,276,ampharos-mega,181,electric,dragon,90,95,105,165,110,45,610,140,61500,275
10046,198,scizor-mega,212,bug,steel,70,150,140,65,100,75,600,200,125000,210
10047,311,heracross-mega,214,bug,fighting,80,185,115,40,105,75,600,170,62500,210
10048,331,houndoom-mega,229,dark,fire,75,90,90,140,90,115,600,190,49500,210
10049,343,tyranitar-mega,248,rock,dark,100,164,150,95,120,71,700,250,255000,315
10050,354,blaziken-mega,257,fire,fighting,80,160,80,130,80,100,630,190,52000,284
10051,383,gardevoir-mega,282,psychic,fairy,68,85,65,165,135,100,618,160,48400,278
10052,408,mawile-mega,303,steel,fairy,50,105,125,55,95,50,480,100,23500,168
10053,412,aggron-mega,306,steel,None,70,140,230,60,80,50,630,220,395000,284
10054,415,medicham-mega,308,fighting,psychic,60,100,85,80,85,100,510,130,31500,179
10055,418,manectric-mega,310,electric,None,70,75,80,135,80,135,575,180,44000,201
10056,471,banette-mega,354,ghost,None,64,165,75,93,83,75,555,120,13000,194
10057,479,absol-mega,359,dark,None,65,150,60,115,60,115,565,120,49000,198
10058,571,garchomp-mega,445,dragon,ground,108,170,115,120,95,92,700,190,95000,315
10059,574,lucario-mega,448,fighting,steel,70,145,88,140,70,112,625,130,57500,219
10060,586,abomasnow-mega,460,grass,ice,90,132,105,132,105,30,594,270,185000,208
10061,803,floette-eternal,670,fairy,None,74,65,67,125,128,92,551,20,900,243
10062,504,latias-mega,380,dragon,psychic,80,100,120,140,150,110,700,180,52000,315
10063,506,latios-mega,381,dragon,psychic,80,130,100,160,120,110,700,230,70000,315
10064,358,swampert-mega,260,water,ground,100,150,110,95,110,70,635,190,102000,286
10065,350,sceptile-mega,254,grass,dragon,70,110,75,145,85,145,630,190,55200,284
10066,406,sableye-mega,302,dark,ghost,50,85,125,85,115,20,480,50,161000,168
10067,447,altaria-mega,334,dragon,fairy,75,110,110,110,105,80,590,150,20600,207
10068,385,gallade-mega,475,psychic,fighting,68,165,95,65,115,110,618,160,56400,278
10069,647,audino-mega,531,normal,fairy,103,60,126,80,126,50,545,150,32000,425
10070,430,sharpedo-mega,319,water,dark,70,140,70,110,65,105,560,250,130300,196
10071,128,slowbro-mega,80,water,psychic,95,75,180,130,80,30,590,200,120000,207
10072,153,steelix-mega,208,steel,ground,75,125,230,55,95,30,610,1050,740000,214
10073,24,pidgeot-mega,18,normal,flying,83,80,80,135,80,121,579,220,50500,261
10074,482,glalie-mega,362,ice,None,80,120,80,120,80,100,580,210,350200,203
10075,864,diancie-mega,719,rock,fairy,50,160,110,160,110,110,700,110,27800,315
10076,499,metagross-mega,376,steel,psychic,80,145,150,105,110,110,700,250,942900,315
10077,508,kyogre-primal,382,water,None,100,150,90,180,160,90,770,980,430000,347
10078,510,groudon-primal,383,ground,fire,100,180,160,150,90,90,770,500,999700,347
10079,512,rayquaza-mega,384,dragon,flying,105,180,100,180,100,115,780,1080,392000,351
10080,37,pikachu-rock-star,25,electric,None,35,55,40,50,50,90,320,40,6000,112
10081,38,pikachu-belle,25,electric,None,35,55,40,50,50,90,320,40,6000,112
10082,39,pikachu-pop-star,25,electric,None,35,55,40,50,50,90,320,40,6000,112
10083,40,pikachu-phd,25,electric,None,35,55,40,50,50,90,320,40,6000,112
10084,41,pikachu-libre,25,electric,None,35,55,40,50,50,90,320,40,6000,112
10085,36,pikachu-cosplay,25,electric,None,35,55,40,50,50,90,320,40,6000,112
10086,866,hoopa-unbound,720,psychic,dark,80,160,60,170,130,80,680,650,490000,306
10087,435,camerupt-mega,323,fire,ground,70,120,100,145,105,20,560,250,320500,196
10088,559,lopunny-mega,428,normal,fighting,65,136,94,54,96,135,580,130,28300,203
10089,495,salamence-mega,373,dragon,flying,95,145,130,120,90,120,700,180,112600,315
10090,20,beedrill-mega,15,bug,poison,65,150,40,15,80,145,495,140,40500,223
10091,26,rattata-alola,19,dark,normal,30,56,35,25,35,72,253,30,3800,51
10092,28,raticate-alola,20,dark,normal,75,71,70,40,80,77,413,70,25500,145
10093,29,raticate-totem-alola,20,dark,normal,75,71,70,40,80,77,413,140,105000,145
10094,42,pikachu-original-cap,25,electric,None,35,55,40,50,50,90,320,40,6000,112
10095,43,pikachu-hoenn-cap,25,electric,None,35,55,40,50,50,90,320,40,6000,112
10096,44,pikachu-sinnoh-cap,25,electric,None,35,55,40,50,50,90,320,40,6000,112
10097,45,pikachu-unova-cap,25,electric,None,35,55,40,50,50,90,320,40,6000,112
10098,46,pikachu-kalos-cap,25,electric,None,35,55,40,50,50,90,320,40,6000,112
10099,47,pikachu-alola-cap,25,electric,None,35,55,40,50,50,90,320,40,6000,112
10100,52,raichu-alola,26,electric,psychic,60,85,50,95,85,110,485,70,21000,243
10101,54,sandshrew-alola,27,ice,steel,50,75,90,10,35,40,300,70,40000,60
10102,56,sandslash-alola,28,ice,steel,75,100,120,25,65,65,450,120,55000,158
10103,67,vulpix-alola,37,ice,None,38,41,40,50,65,65,299,60,9900,60
10104,69,ninetales-alola,38,ice,fairy,73,67,75,81,100,109,505,110,19900,177
10105,85,diglett-alola,50,ground,steel,10,55,30,35,45,90,265,20,1000,53
10106,87,dugtrio-alola,51,ground,steel,35,100,60,50,70,110,425,70,66600,149
10107,89,meowth-alola,52,dark,None,40,35,35,50,40,90,290,40,4200,58
10108,92,persian-alola,53,dark,None,65,60,60,75,65,115,440,110,33000,154
10109,116,geodude-alola,74,rock,electric,40,80,100,30,30,20,300,40,20300,60
10110,118,graveler-alola,75,rock,electric,55,95,115,45,45,35,390,100,110000,137
10111,120,golem-alola,76,rock,electric,80,120,130,55,65,45,495,170,316000,223
10112,142,grimer-alola,88,poison,dark,80,80,50,40,50,25,325,70,42000,65
10113,144,muk-alola,89,poison,dark,105,105,75,65,100,50,500,100,52000,175
10114,162,exeggutor-alola,103,grass,dragon,95,105,85,125,75,45,530,1090,415600,186
10115,165,marowak-alola,105,fire,ghost,60,80,110,50,80,45,425,100,34000,149
10116,789,greninja-battle-bond,658,water,dark,72,95,67,103,71,122,530,150,40000,239
10117,790,greninja-ash,658,water,dark,72,145,67,153,71,132,640,150,40000,288
10118,860,zygarde-10-power-construct,718,dragon,ground,54,100,71,61,85,115,486,120,33500,243
10119,861,zygarde-50-power-construct,718,dragon,ground,108,100,121,81,95,95,600,500,305000,300
10120,862,zygarde-complete,718,dragon,ground,216,100,121,91,95,85,708,450,610000,354
10121,882,gumshoos-totem,735,normal,None,88,110,60,55,60,45,418,140,60000,146
10122,886,vikavolt-totem,738,bug,electric,77,70,90,145,75,43,500,260,147500,225
10123,890,oricorio-pom-pom,741,electric,flying,75,70,70,98,70,93,476,60,3400,167
10124,891,oricorio-pau,741,psychic,flying,75,70,70,98,70,93,476,60,3400,167
10125,892,oricorio-sensu,741,ghost,flying,75,70,70,98,70,93,476,60,3400,167
10126,899,lycanroc-midnight,745,rock,None,85,115,75,55,75,82,487,110,25000,170
10127,902,wishiwashi-school,746,water,None,45,140,130,140,135,30,620,820,78600,217
10128,912,lurantis-totem,754,grass,None,70,105,90,80,90,45,480,150,58000,168
10129,917,salazzle-totem,758,poison,fire,68,64,60,111,60,117,480,210,81000,168
10130,934,minior-orange-meteor,774,rock,flying,60,60,100,60,100,60,440,30,40000,154
10131,935,minior-yellow-meteor,774,rock,flying,60,60,100,60,100,60,440,30,40000,154
10132,936,minior-green-meteor,774,rock,flying,60,60,100,60,100,60,440,30,40000,154
10133,937,minior-blue-meteor,774,rock,flying,60,60,100,60,100,60,440,30,40000,154
10134,938,minior-indigo-meteor,774,rock,flying,60,60,100,60,100,60,440,30,40000,154
10135,939,minior-violet-meteor,774,rock,flying,60,60,100,60,100,60,440,30,40000,154
10136,940,minior-red,774,rock,flying,60,100,60,100,60,120,500,30,300,175
10137,941,minior-orange,774,rock,flying,60,100,60,100,60,120,500,30,300,175
10138,942,minior-yellow,774,rock,flying,60,100,60,100,60,120,500,30,300,175
10139,943,minior-green,774,rock,flying,60,100,60,100,60,120,500,30,300,175
10140,944,minior-blue,774,rock,flying,60,100,60,100,60,120,500,30,300,175
10141,945,minior-indigo,774,rock,flying,60,100,60,100,60,120,500,30,300,175
10142,946,minior-violet,774,rock,flying,60,100,60,100,60,120,500,30,300,175
10143,952,mimikyu-busted,778,ghost,fairy,55,90,80,50,105,96,476,20,700,167
10144,953,mimikyu-totem-disguised,778,ghost,fairy,55,90,80,50,105,96,476,40,2800,167
10145,954,mimikyu-totem-busted,778,ghost,fairy,55,90,80,50,105,96,476,40,2800,167
10146,961,kommo-o-totem,784,dragon,fighting,75,110,125,100,105,85,600,240,207500,270
10147,982,magearna-original,801,steel,fairy,80,95,115,130,115,65,600,100,80500,300
10148,48,pikachu-partner-cap,25,electric,None,35,55,40,50,50,90,320,40,6000,112
10149,166,marowak-totem,105,fire,ghost,60,80,110,50,80,45,425,170,98000,149
10150,895,ribombee-totem,743,bug,fairy,60,55,60,95,70,124,464,40,2000,162
10151,897,rockruff-own-tempo,744,rock,None,45,65,40,30,40,60,280,50,9200,56
10152,900,lycanroc-dusk,745,rock,None,75,117,65,55,65,110,487,80,25000,170
10153,909,araquanid-totem,752,water,bug,68,70,92,50,132,42,454,310,217500,159
10154,950,togedemaru-totem,777,electric,steel,65,98,63,40,73,96,435,60,13000,152
10155,978,necrozma-dusk,800,psychic,steel,97,157,127,113,109,77,680,380,460000,340
10156,979,necrozma-dawn,800,psychic,ghost,97,113,109,157,127,77,680,420,350000,340
10157,980,necrozma-ultra,800,psychic,dragon,97,167,97,167,97,129,754,750,230000,339
10158,49,pikachu-starter,25,electric,None,45,80,50,75,60,120,430,40,6000,86
10159,216,eevee-starter,133,normal,None,65,75,70,65,85,75,435,30,6500,87
10160,50,pikachu-world-cap,25,electric,None,35,55,40,50,50,90,320,40,6000,112
10161,90,meowth-galar,52,steel,None,50,65,55,40,40,40,290,40,7500,58
10162,122,ponyta-galar,77,psychic,None,50,85,55,65,65,90,410,80,24000,82
10163,124,rapidash-galar,78,psychic,fairy,65,100,70,80,80,105,500,170,80000,175
10164,126,slowpoke-galar,79,psychic,None,90,65,65,40,40,15,315,120,36000,63
10165,129,slowbro-galar,80,poison,psychic,95,100,95,100,70,30,490,160,70500,172
10166,136,farfetchd-galar,83,fighting,None,52,95,55,58,62,55,377,80,42000,132
10167,175,weezing-galar,110,poison,fairy,65,90,120,85,70,60,490,300,16000,172
10168,195,mr-mime-galar,122,ice,psychic,50,65,65,90,90,100,460,140,56800,161
10169,237,articuno-galar,144,psychic,flying,90,85,85,125,100,95,580,170,50900,290
10170,239,zapdos-galar,145,fighting,flying,90,125,90,85,90,100,580,160,58200,290
10171,241,moltres-galar,146,dark,flying,90,85,90,100,125,90,580,200,66000,290
10172,131,slowking-galar,199,poison,psychic,95,65,80,110,110,30,490,180,79500,172
10173,322,corsola-galar,222,ghost,None,60,55,100,65,100,30,410,60,500,144
10174,362,zigzagoon-galar,263,dark,normal,38,30,41,30,41,60,240,40,17500,56
10175,364,linoone-galar,264,dark,normal,78,70,61,50,61,100,420,50,32500,147
10176,672,darumaka-galar,554,ice,None,70,90,45,15,45,50,315,70,40000,63
10177,675,darmanitan-galar-standard,555,ice,None,105,140,55,30,55,95,480,170,120000,168
10178,676,darmanitan-galar-zen,555,ice,fire,105,160,55,30,55,135,540,170,120000,189
10179,684,yamask-galar,562,ground,ghost,38,55,85,30,65,30,303,50,1500,61
10180,741,stunfisk-galar,618,ground,steel,109,81,99,66,84,32,471,70,20500,165
10181,859,zygarde-10,718,dragon,ground,54,100,71,61,85,115,486,120,33500,243
10182,1027,cramorant-gulping,845,flying,water,70,85,55,85,95,85,475,80,18000,166
10183,1028,cramorant-gorging,845,flying,water,70,85,55,85,95,85,475,80,18000,166
10184,1033,toxtricity-low-key,849,electric,poison,75,98,70,114,70,75,502,160,40000,176
10185,1060,eiscue-noice,875,ice,None,75,80,70,65,50,130,470,140,89000,165
10186,1062,indeedee-female,876,psychic,normal,70,55,65,95,105,85,475,90,28000,166
10187,1064,morpeko-hangry,877,electric,dark,58,95,58,70,58,97,436,30,3000,153
10188,1076,zacian-crowned,888,fairy,steel,92,150,115,80,115,148,700,280,355000,360
10189,1078,zamazenta-crowned,889,fighting,steel,92,120,140,80,140,128,700,290,785000,360
10190,1080,eternatus-eternamax,890,poison,dragon,255,115,250,125,250,130,1125,10000,0,563
10191,1083,urshifu-rapid-strike,892,fighting,water,100,130,100,63,60,97,550,190,105000,275
10192,1085,zarude-dada,893,dark,grass,105,120,105,70,95,105,600,180,70000,300
10193,1091,calyrex-ice,898,psychic,ice,100,165,150,85,130,50,680,240,809100,340
10194,1092,calyrex-shadow,898,psychic,ghost,100,85,80,165,100,150,680,240,53600,340
10195,-1,venusaur-gmax,3,grass,poison,80,82,83,100,100,80,525,2400,1000000,236
10196,-1,charizard-gmax,6,fire,flying,78,84,78,109,85,100,534,2800,1000000,240
10197,-1,blastoise-gmax,9,water,None,79,83,100,85,105,78,530,2500,1000000,239
10198,-1,butterfree-gmax,12,bug,flying,60,45,50,90,80,70,395,1700,1000000,178
10199,-1,pikachu-gmax,25,electric,None,35,55,40,50,50,90,320,2100,1000000,112
10200,-1,meowth-gmax,52,normal,None,40,45,35,40,40,90,290,3300,1000000,58
10201,-1,machamp-gmax,68,fighting,None,90,130,80,65,85,55,505,2500,1000000,227
10202,-1,gengar-gmax,94,ghost,poison,60,65,60,130,75,110,500,2000,1000000,225
10203,-1,kingler-gmax,99,water,None,55,130,115,50,50,75,475,1900,1000000,166
10204,-1,lapras-gmax,131,water,ice,130,85,80,85,95,60,535,2400,1000000,187
10205,-1,eevee-gmax,133,normal,None,55,55,50,45,65,55,325,1800,1000000,65
10206,-1,snorlax-gmax,143,normal,None,160,110,65,65,110,30,540,3500,1000000,189
10207,-1,garbodor-gmax,569,poison,None,80,95,82,60,82,75,474,2100,1000000,166
10208,-1,melmetal-gmax,809,steel,None,135,143,143,80,65,34,600,2500,1000000,270
10209,-1,rillaboom-gmax,812,grass,None,100,125,90,60,70,85,530,2800,1000000,265
10210,-1,cinderace-gmax,815,fire,None,80,116,75,65,75,119,530,2700,1000000,265
10211,-1,inteleon-gmax,818,water,None,70,85,65,125,65,120,530,4000,1000000,265
10212,-1,corviknight-gmax,823,flying,steel,98,87,105,53,85,67,495,1400,1000000,248
10213,-1,orbeetle-gmax,826,bug,psychic,60,45,110,80,120,90,505,1400,1000000,253
10214,-1,drednaw-gmax,834,water,rock,90,115,90,48,68,74,485,2400,1000000,170
10215,-1,coalossal-gmax,839,rock,fire,110,80,120,80,90,30,510,4200,1000000,255
10216,-1,flapple-gmax,841,grass,dragon,70,110,80,95,60,70,485,2400,1000000,170
10217,-1,appletun-gmax,842,grass,dragon,110,85,80,100,80,30,485,2400,1000000,170
10218,-1,sandaconda-gmax,844,ground,None,72,107,125,65,70,71,510,2200,1000000,179
10219,-1,toxtricity-amped-gmax,849,electric,poison,75,98,70,114,70,75,502,2400,1000000,176
10220,-1,centiskorch-gmax,851,fire,bug,100,115,65,90,90,65,525,7500,1000000,184
10221,-1,hatterene-gmax,858,psychic,fairy,57,90,95,136,103,29,510,2600,1000000,255
10222,-1,grimmsnarl-gmax,861,dark,fairy,95,120,65,95,75,60,510,3200,1000000,255
10223,-1,alcremie-gmax,869,fairy,None,65,60,75,110,121,64,495,3000,1000000,173
10224,-1,copperajah-gmax,879,steel,None,122,130,69,80,69,30,500,2300,1000000,175
10225,-1,duraludon-gmax,884,steel,dragon,70,95,115,120,50,85,535,4300,1000000,187
10226,-1,urshifu-single-strike-gmax,892,fighting,dark,100,130,100,63,60,97,550,2900,1000000,275
10227,-1,urshifu-rapid-strike-gmax,892,fighting,water,100,130,100,63,60,97,550,2600,1000000,275
10228,-1,toxtricity-low-key-gmax,849,electric,poison,75,98,70,114,70,75,502,2400,1000000,176
10229,-1,growlithe-hisui,58,fire,rock,60,75,45,65,50,55,350,80,22700,70
10230,-1,arcanine-hisui,59,fire,rock,95,115,80,95,80,90,555,200,168000,194
10231,-1,voltorb-hisui,100,electric,grass,40,30,50,55,55,100,330,50,13000,66
10232,-1,electrode-hisui,101,electric,grass,60,50,70,80,80,150,490,120,71000,172
10233,-1,typhlosion-hisui,157,fire,ghost,73,84,78,119,85,95,534,160,69800,240
10234,-1,qwilfish-hisui,211,dark,poison,65,95,85,55,55,85,440,50,3900,88
10235,-1,sneasel-hisui,215,fighting,poison,55,95,55,35,75,115,430,90,27000,86
10236,-1,samurott-hisui,503,water,dark,90,108,80,100,65,85,528,150,58200,238
10237,-1,lilligant-hisui,549,grass,fighting,70,105,75,50,75,105,480,120,19200,168
10238,-1,zorua-hisui,570,normal,ghost,35,60,40,85,40,70,330,70,12500,66
10239,-1,zoroark-hisui,571,normal,ghost,55,100,60,125,60,110,510,160,73000,179
10240,-1,braviary-hisui,628,psychic,flying,110,83,70,112,70,65,510,170,43400,179
10241,-1,sliggoo-hisui,705,steel,dragon,58,75,83,83,113,40,452,70,68500,158
10242,-1,goodra-hisui,706,steel,dragon,80,100,100,110,150,60,600,170,334100,270
10243,-1,avalugg-hisui,713,ice,rock,95,127,184,34,36,38,514,140,262400,180
10244,-1,decidueye-hisui,724,grass,fighting,88,112,80,95,95,60,530,160,37000,239
10245,-1,dialga-origin,483,steel,dragon,100,100,120,150,120,90,680,700,848700,306
10246,-1,palkia-origin,484,water,dragon,90,100,100,150,120,120,680,630,659000,306
10247,-1,basculin-white-striped,550,water,None,70,92,65,80,55,98,460,100,18000,161
10248,-1,basculegion-female,902,water,ghost,120,92,65,100,75,78,530,300,110000,265
10249,-1,enamorus-therian,905,fairy,flying,74,115,110,135,100,46,580,160,48000,116
10250,-1,tauros-paldea-combat-breed,128,fighting,None,75,110,105,30,70,100,490,140,115000,172
10251,-1,tauros-paldea-blaze-breed,128,fighting,fire,75,110,105,30,70,100,490,140,85000,172
10252,-1,tauros-paldea-aqua-breed,128,fighting,water,75,110,105,30,70,100,490,140,110000,172
10253,-1,wooper-paldea,194,poison,ground,55,45,45,25,25,15,210,40,11000,42
10254,-1,oinkologne-female,916,normal,None,115,90,70,59,90,65,489,100,120000,171
10255,-1,dudunsparce-three-segment,982,normal,None,125,100,80,85,75,55,520,450,47400,182
10256,-1,palafin-hero,964,water,None,100,160,97,106,87,100,650,180,97400,160
10257,-1,maushold-family-of-three,925,normal,None,74,75,70,65,75,111,470,30,2800,165
10258,-1,tatsugiri-droopy,978,dragon,water,68,50,60,120,95,82,475,30,8000,166
10259,-1,tatsugiri-stretchy,978,dragon,water,68,50,60,120,95,82,475,30,8000,166
10260,-1,squawkabilly-blue-plumage,931,normal,flying,82,96,51,45,51,92,417,60,2400,146
10261,-1,squawkabilly-yellow-plumage,931,normal,flying,82,96,51,45,51,92,417,60,2400,146
10262,-1,squawkabilly-white-plumage,931,normal,flying,82,96,51,45,51,92,417,60,2400,146
10263,-1,gimmighoul-roaming,999,ghost,None,45,30,25,75,45,80,300,10,1000,60
10264,-1,koraidon-limited-build,1007,fighting,dragon,100,135,115,85,100,135,670,350,303000,335
10265,-1,koraidon-sprinting-build,1007,fighting,dragon,100,135,115,85,100,135,670,350,303000,335
10266,-1,koraidon-swimming-build,1007,fighting,dragon,100,135,115,85,100,135,670,350,303000,335
10267,-1,koraidon-gliding-build,1007,fighting,dragon,100,135,115,85,100,135,670,350,303000,335
10268,-1,miraidon-low-power-mode,1008,electric,dragon,100,85,100,135,115,135,670,280,240000,335
10269,-1,miraidon-drive-mode,1008,electric,dragon,100,85,100,135,115,135,670,280,240000,335
10270,-1,miraidon-aquatic-mode,1008,electric,dragon,100,85,100,135,115,135,670,280,240000,335
10271,-1,miraidon-glide-mode,1008,electric,dragon,100,85,100,135,115,135,670,280,240000,335
10272,-1,ursaluna-bloodmoon,901,ground,normal,113,70,120,135,65,52,555,240,290000,275
10273,-1,ogerpon-wellspring-mask,1017,grass,water,80,120,84,60,96,110,550,120,39800,275
10274,-1,ogerpon-hearthflame-mask,1017,grass,fire,80,120,84,60,96,110,550,120,39800,275
10275,-1,ogerpon-cornerstone-mask,1017,grass,rock,80,120,84,60,96,110,550,120,39800,275
10276,-1,terapagos-terastal,1024,normal,,95,95,110,105,110,85,600,30,16000,90
10277,-1,terapagos-stellar,1024,normal,,160,105,110,130,110,85,700,170,77000,90
10278,-1,clefable-mega,36,fairy,flying,95,80,93,135,110,70,583,170,42300,
10279,-1,victreebel-mega,71,grass,poison,80,125,85,135,95,70,590,450,125500,
10280,-1,starmie-mega,121,water,psychic,60,140,105,130,105,120,660,230,80000,
10281,-1,dragonite-mega,149,dragon,flying,91,124,115,145,125,100,700,550,290000,
10282,-1,meganium-mega,154,grass,fairy,80,92,115,143,115,80,625,240,201000,
10283,-1,feraligatr-mega,160,water,dragon,85,160,125,89,93,78,630,230,108800,
10284,-1,skarmory-mega,227,steel,flying,65,140,110,40,100,110,565,170,40400,
10285,-1,froslass-mega,478,ice,ghost,70,80,70,140,100,120,580,260,29600,
10286,-1,emboar-mega,500,fire,fighting,110,148,75,110,110,75,628,180,180300,
10287,-1,excadrill-mega,530,ground,steel,110,165,100,65,65,103,608,90,60000,
10288,-1,scolipede-mega,545,bug,poison,60,140,149,75,99,62,585,320,230500,
10289,-1,scrafty-mega,560,dark,fighting,65,130,135,55,135,68,588,110,31000,
10290,-1,eelektross-mega,604,electric,,85,145,80,135,90,80,615,300,180000,
10291,-1,chandelure-mega,609,ghost,fire,60,75,110,175,110,90,620,250,69600,
10292,-1,chesnaught-mega,652,grass,fighting,88,137,172,74,115,44,630,160,90000,
10293,-1,delphox-mega,655,fire,psychic,75,69,72,159,125,134,634,150,39000,
10294,-1,greninja-mega,658,water,dark,72,125,77,133,81,142,630,150,40000,
10295,-1,pyroar-mega,668,fire,normal,86,88,92,129,86,126,607,150,93300,
10296,-1,floette-mega,670,fairy,,74,85,87,155,148,102,651,20,100800,
10297,-1,malamar-mega,687,dark,psychic,86,102,88,98,120,88,582,290,69800,
10298,-1,barbaracle-mega,689,rock,fighting,72,140,130,64,106,88,600,220,100000,
10299,-1,dragalge-mega,691,poison,dragon,65,85,105,132,163,44,594,210,100300,
10300,-1,hawlucha-mega,701,fighting,flying,78,137,100,74,93,118,600,100,25000,
10301,-1,zygarde-mega,718,dragon,ground,216,70,91,216,85,100,778,770,610000,
10302,-1,drampa-mega,780,normal,dragon,78,85,110,160,116,36,585,300,240500,
10303,-1,falinks-mega,870,fighting,,65,135,135,70,65,100,570,160,99000,
