id,name,species_id,primary_type,secondary_type,hp,attack,defense,special_attack,special_defense,speed,bst,height,weight,base_experience
1,bulbasaur,1,grass,poison,45,49,49,65,65,45,318,70,6.9,64
2,ivysaur,2,grass,poison,60,62,63,80,80,60,405,100,13,142
3,venusaur,3,grass,poison,80,82,83,100,100,80,525,200,100,236
4,charmander,4,fire,None,39,52,43,60,50,65,309,60,8.5,62
5,charmeleon,5,fire,None,58,64,58,80,65,80,405,110,19,142
6,charizard,6,fire,flying,78,84,78,109,85,100,534,170,90.5,240
7,squirtle,7,water,None,44,48,65,50,64,43,314,50,9,63
8,wartortle,8,water,None,59,63,80,65,80,58,405,100,22.5,142
9,blastoise,9,water,None,79,83,100,85,105,78,530,160,85.5,239
10,caterpie,10,bug,None,45,30,35,20,20,45,195,30,2.9,39
11,metapod,11,bug,None,50,20,55,25,25,30,205,70,9.9,72
12,butterfree,12,bug,flying,60,45,50,90,80,70,395,110,32,178
13,weedle,13,bug,poison,40,35,30,20,20,50,195,30,3.2,39
14,kakuna,14,bug,poison,45,25,50,25,25,35,205,60,10,72
15,beedrill,15,bug,poison,65,90,40,45,80,75,395,100,29.5,178
16,pidgey,16,normal,flying,40,45,40,35,35,56,251,30,1.8,50
17,pidgeotto,17,normal,flying,63,60,55,50,50,71,349,110,30,122
18,pidgeot,18,normal,flying,83,80,75,70,70,101,479,150,39.5,216
19,rattata,19,normal,None,30,56,35,25,35,72,253,30,3.5,51
20,raticate,20,normal,None,55,81,60,50,70,97,413,70,18.5,145
21,spearow,21,normal,flying,40,60,30,31,31,70,262,30,2,52
22,fearow,22,normal,flying,65,90,65,61,61,100,442,120,38,155
23,ekans,23,poison,None,35,60,44,40,54,55,288,200,6.9,58
24,arbok,24,poison,None,60,95,69,65,79,80,448,350,65,157
25,pikachu,25,electric,None,35,55,40,50,50,90,320,40,6,112
26,raichu,26,electric,None,60,90,55,90,80,110,485,80,30,218
27,sandshrew,27,ground,None,50,75,85,20,30,40,300,60,12,60
28,sandslash,28,ground,None,75,100,110,45,55,65,450,100,29.5,158
29,nidoran-f,29,poison,None,55,47,52,40,40,41,275,40,7,55
30,nidorina,30,poison,None,70,62,67,55,55,56,365,80,20,128
31,nidoqueen,31,poison,ground,90,92,87,75,85,76,505,130,60,227
32,nidoran-m,32,poison,None,46,57,40,40,40,50,273,50,9,55
33,nidorino,33,poison,None,61,72,57,55,55,65,365,90,19.5,128
34,nidoking,34,poison,ground,81,102,77,85,75,85,505,140,62,227
35,clefairy,35,fairy,None,70,45,48,60,65,35,323,60,7.5,113
36,clefable,36,fairy,None,95,70,73,95,90,60,483,130,40,217
37,vulpix,37,fire,None,38,41,40,50,65,65,299,60,9.9,60
38,ninetales,38,fire,None,73,76,75,81,100,100,505,110,19.9,177
39,jigglypuff,39,normal,fairy,115,45,20,45,25,20,270,50,5.5,95
40,wigglytuff,40,normal,fairy,140,70,45,85,50,45,435,100,12,196
41,zubat,41,poison,flying,40,45,35,30,40,55,245,80,7.5,49
42,golbat,42,poison,flying,75,80,70,65,75,90,455,160,55,159
43,oddish,43,grass,poison,45,50,55,75,65,30,320,50,5.4,64
44,gloom,44,grass,poison,60,65,70,85,75,40,395,80,8.6,138
45,vileplume,45,grass,poison,75,80,85,110,90,50,490,120,18.6,221
46,paras,46,bug,grass,35,70,55,45,55,25,285,30,5.4,57
47,parasect,47,bug,grass,60,95,80,60,80,30,405,100,29.5,142
48,venonat,48,bug,poison,60,55,50,40,55,45,305,100,30,61
49,venomoth,49,bug,poison,70,65,60,90,75,90,450,150,12.5,158
50,diglett,50,ground,None,10,55,25,35,45,95,265,20,0.8,53
51,dugtrio,51,ground,None,35,100,50,50,70,120,425,70,33.3,149
52,meowth,52,normal,None,40,45,35,40,40,90,290,40,4.2,58
53,persian,53,normal,None,65,70,60,65,65,115,440,100,32,154
54,psyduck,54,water,None,50,52,48,65,50,55,320,80,19.6,64
55,golduck,55,water,None,80,82,78,95,80,85,500,170,76.6,175
56,mankey,56,fighting,None,40,80,35,35,45,70,305,50,28,61
57,primeape,57,fighting,None,65,105,60,60,70,95,455,100,32,159
58,growlithe,58,fire,None,55,70,45,70,50,60,350,70,19,70
59,arcanine,59,fire,None,90,110,80,100,80,95,555,190,155,194
60,poliwag,60,water,None,40,50,40,40,40,90,300,60,12.4,60
61,poliwhirl,61,water,None,65,65,65,50,50,90,385,100,20,135
62,poliwrath,62,water,fighting,90,95,95,70,90,70,510,130,54,230
63,abra,63,psychic,None,25,20,15,105,55,90,310,90,19.5,62
64,kadabra,64,psychic,None,40,35,30,120,70,105,400,130,56.5,140
65,alakazam,65,psychic,None,55,50,45,135,95,120,500,150,48,225
66,machop,66,fighting,None,70,80,50,35,35,35,305,80,19.5,61
67,machoke,67,fighting,None,80,100,70,50,60,45,405,150,70.5,142
68,machamp,68,fighting,None,90,130,80,65,85,55,505,160,130,227
69,bellsprout,69,grass,poison,50,75,35,70,30,40,300,70,4,60
70,weepinbell,70,grass,poison,65,90,50,85,45,55,390,100,6.4,137
71,victreebel,71,grass,poison,80,105,65,100,70,70,490,170,15.5,221
72,tentacool,72,water,poison,40,40,35,50,100,70,335,90,45.5,67
73,tentacruel,73,water,poison,80,70,65,80,120,100,515,160,55,180
74,geodude,74,rock,ground,40,80,100,30,30,20,300,40,20,60
75,graveler,75,rock,ground,55,95,115,45,45,35,390,100,105,137
76,golem,76,rock,ground,80,120,130,55,65,45,495,140,300,223
77,ponyta,77,fire,None,50,85,55,65,65,90,410,100,30,82
78,rapidash,78,fire,None,65,100,70,80,80,105,500,170,95,175
79,slowpoke,79,water,psychic,90,65,65,40,40,15,315,120,36,63
80,slowbro,80,water,psychic,95,75,110,100,80,30,490,160,78.5,172
81,magnemite,81,electric,steel,25,35,70,95,55,45,325,30,6,65
82,magneton,82,electric,steel,50,60,95,120,70,70,465,100,60,163
83,farfetchd,83,normal,flying,52,90,55,58,62,60,377,80,15,132
84,doduo,84,normal,flying,35,85,45,35,35,75,310,140,39.2,62
85,dodrio,85,normal,flying,60,110,70,60,60,110,470,180,85.2,165
86,seel,86,water,None,65,45,55,45,70,45,325,110,90,65
87,dewgong,87,water,ice,90,70,80,70,95,70,475,170,120,166
88,grimer,88,poison,None,80,80,50,40,50,25,325,90,30,65
89,muk,89,poison,None,105,105,75,65,100,50,500,120,30,175
90,shellder,90,water,None,30,65,100,45,25,40,305,30,4,61
91,cloyster,91,water,ice,50,95,180,85,45,70,525,150,132.5,184
92,gastly,92,ghost,poison,30,35,30,100,35,80,310,130,0.1,62
93,haunter,93,ghost,poison,45,50,45,115,55,95,405,160,0.1,142
94,gengar,94,ghost,poison,60,65,60,130,75,110,500,150,40.5,225
95,onix,95,rock,ground,35,45,160,30,45,70,385,880,210,77
96,drowzee,96,psychic,None,60,48,45,43,90,42,328,100,32.4,66
97,hypno,97,psychic,None,85,73,70,73,115,67,483,160,75.6,169
98,krabby,98,water,None,30,105,90,25,25,50,325,40,6.5,65
99,kingler,99,water,None,55,130,115,50,50,75,475,130,60,166
100,voltorb,100,electric,None,40,30,50,55,55,100,330,50,10.4,66
101,electrode,101,electric,None,60,50,70,80,80,150,490,120,66.6,172
102,exeggcute,102,grass,psychic,60,40,80,60,45,40,325,40,2.5,65
103,exeggutor,103,grass,psychic,95,95,85,125,75,55,530,200,120,186
104,cubone,104,ground,None,50,50,95,40,50,35,320,40,6.5,64
105,marowak,105,ground,None,60,80,110,50,80,45,425,100,45,149
106,hitmonlee,106,fighting,None,50,120,53,35,110,87,455,150,49.8,159
107,hitmonchan,107,fighting,None,50,105,79,35,110,76,455,140,50.2,159
108,lickitung,108,normal,None,90,55,75,60,75,30,385,120,65.5,77
109,koffing,109,poison,None,40,65,95,60,45,35,340,60,1,68
110,weezing,110,poison,None,65,90,120,85,70,60,490,120,9.5,172
111,rhyhorn,111,ground,rock,80,85,95,30,30,25,345,100,115,69
112,rhydon,112,ground,rock,105,130,120,45,45,40,485,190,120,170
113,chansey,113,normal,None,250,5,5,35,105,50,450,110,34.6,395
114,tangela,114,grass,None,65,55,115,100,40,60,435,100,35,87
115,kangaskhan,115,normal,None,105,95,80,40,80,90,490,220,80,172
116,horsea,116,water,None,30,40,70,70,25,60,295,40,8,59
117,seadra,117,water,None,55,65,95,95,45,85,440,120,25,154
118,goldeen,118,water,None,45,67,60,35,50,63,320,60,15,64
119,seaking,119,water,None,80,92,65,65,80,68,450,130,39,158
120,staryu,120,water,None,30,45,55,70,55,85,340,80,34.5,68
121,starmie,121,water,psychic,60,75,85,100,85,115,520,110,80,182
122,mr-mime,122,psychic,fairy,40,45,65,100,120,90,460,130,54.5,161
123,scyther,123,bug,flying,70,110,80,55,80,105,500,150,56,100
124,jynx,124,ice,psychic,65,50,35,115,95,95,455,140,40.6,159
125,electabuzz,125,electric,None,65,83,57,95,85,105,490,110,30,172
126,magmar,126,fire,None,65,95,57,100,85,93,495,130,44.5,173
127,pinsir,127,bug,None,65,125,100,55,70,85,500,150,55,175
128,tauros,128,normal,None,75,100,95,40,70,110,490,140,88.4,172
129,magikarp,129,water,None,20,10,55,15,20,80,200,90,10,40
130,gyarados,130,water,flying,95,125,79,60,100,81,540,650,235,189
131,lapras,131,water,ice,130,85,80,85,95,60,535,250,220,187
132,ditto,132,normal,None,48,48,48,48,48,48,288,30,4,101
133,eevee,133,normal,None,55,55,50,45,65,55,325,30,6.5,65
134,vaporeon,134,water,None,130,65,60,110,95,65,525,100,29,184
135,jolteon,135,electric,None,65,65,60,110,95,130,525,80,24.5,184
136,flareon,136,fire,None,65,130,60,95,110,65,525,90,25,184
137,porygon,137,normal,None,65,60,70,85,75,40,395,80,36.5,79
138,omanyte,138,rock,water,35,40,100,90,55,35,355,40,7.5,71
139,omastar,139,rock,water,70,60,125,115,70,55,495,100,35,173
140,kabuto,140,rock,water,30,80,90,55,45,55,355,50,11.5,71
141,kabutops,141,rock,water,60,115,105,65,70,80,495,130,40.5,173
142,aerodactyl,142,rock,flying,80,105,65,60,75,130,515,180,59,180
143,snorlax,143,normal,None,160,110,65,65,110,30,540,210,460,189
144,articuno,144,ice,flying,90,85,100,95,125,85,580,170,55.4,261
145,zapdos,145,electric,flying,90,90,85,125,90,100,580,160,52.6,261
146,moltres,146,fire,flying,90,100,90,125,85,90,580,200,60,261
147,dratini,147,dragon,None,41,64,45,50,50,50,300,180,3.3,60
148,dragonair,148,dragon,None,61,84,65,70,70,70,420,400,16.5,147
149,dragonite,149,dragon,flying,91,134,95,100,100,80,600,220,210,270
150,mewtwo,150,psychic,None,106,110,90,154,90,130,680,200,122,306
151,mew,151,psychic,None,100,100,100,100,100,100,600,40,4,270
152,chikorita,152,grass,None,45,49,65,49,65,45,318,90,6.4,64
153,bayleef,153,grass,None,60,62,80,63,80,60,405,120,15.8,142
154,meganium,154,grass,None,80,82,100,83,100,80,525,180,100.5,236
155,cyndaquil,155,fire,None,39,52,43,60,50,65,309,50,7.9,62
156,quilava,156,fire,None,58,64,58,80,65,80,405,90,19,142
157,typhlosion,157,fire,None,78,84,78,109,85,100,534,170,79.5,240
158,totodile,158,water,None,50,65,64,44,48,43,314,60,9.5,63
159,croconaw,159,water,None,65,80,80,59,63,58,405,110,25,142
160,feraligatr,160,water,None,85,105,100,79,83,78,530,230,88.8,239
161,sentret,161,normal,None,35,46,34,35,45,20,215,80,6,43
162,furret,162,normal,None,85,76,64,45,55,90,415,180,32.5,145
163,hoothoot,163,normal,flying,60,30,30,36,56,50,262,70,21.2,52
164,noctowl,164,normal,flying,100,50,50,86,96,70,452,160,40.8,158
165,ledyba,165,bug,flying,40,20,30,40,80,55,265,100,10.8,53
166,ledian,166,bug,flying,55,35,50,55,110,85,390,140,35.6,137
167,spinarak,167,bug,poison,40,60,40,40,40,30,250,50,8.5,50
168,ariados,168,bug,poison,70,90,70,60,70,40,400,110,33.5,140
169,crobat,169,poison,flying,85,90,80,70,80,130,535,180,75,241
170,chinchou,170,water,electric,75,38,38,56,56,67,330,50,12,66
171,lanturn,171,water,electric,125,58,58,76,76,67,460,120,22.5,161
172,pichu,172,electric,None,20,40,15,35,35,60,205,30,2,41
173,cleffa,173,fairy,None,50,25,28,45,55,15,218,30,3,44
174,igglybuff,174,normal,fairy,90,30,15,40,20,15,210,30,1,42
175,togepi,175,fairy,None,35,20,65,40,65,20,245,30,1.5,49
176,togetic,176,fairy,flying,55,40,85,80,105,40,405,60,3.2,142
177,natu,177,psychic,flying,40,50,45,70,45,70,320,20,2,64
178,xatu,178,psychic,flying,65,75,70,95,70,95,470,150,15,165
179,mareep,179,electric,None,55,40,40,65,45,35,280,60,7.8,56
180,flaaffy,180,electric,None,70,55,55,80,60,45,365,80,13.3,128
181,ampharos,181,electric,None,90,75,85,115,90,55,510,140,61.5,230
182,bellossom,182,grass,None,75,80,95,90,100,50,490,40,5.8,221
183,marill,183,water,fairy,70,20,50,20,50,40,250,40,8.5,88
184,azumarill,184,water,fairy,100,50,80,60,80,50,420,80,28.5,189
185,sudowoodo,185,rock,None,70,100,115,30,65,30,410,120,38,144
186,politoed,186,water,None,90,75,75,90,100,70,500,110,33.9,225
187,hoppip,187,grass,flying,35,35,40,35,55,50,250,40,0.5,50
188,skiploom,188,grass,flying,55,45,50,45,65,80,340,60,1,119
189,jumpluff,189,grass,flying,75,55,70,55,95,110,460,80,3,207
190,aipom,190,normal,None,55,70,55,40,55,85,360,80,11.5,72
191,sunkern,191,grass,None,30,30,30,30,30,30,180,30,1.8,36
192,sunflora,192,grass,None,75,75,55,105,85,30,425,80,8.5,149
193,yanma,193,bug,flying,65,65,45,75,45,95,390,120,38,78
194,wooper,194,water,ground,55,45,45,25,25,15,210,40,8.5,42
195,quagsire,195,water,ground,95,85,85,65,65,35,430,140,75,151
196,espeon,196,psychic,None,65,65,60,130,95,110,525,90,26.5,184
197,umbreon,197,dark,None,95,65,110,60,130,65,525,100,27,184
198,murkrow,198,dark,flying,60,85,42,85,42,91,405,50,2.1,81
199,slowking,199,water,psychic,95,75,80,100,110,30,490,200,79.5,172
200,misdreavus,200,ghost,None,60,60,60,85,85,85,435,70,1,87
201,unown,201,psychic,None,48,72,48,72,48,48,336,50,5,118
202,wobbuffet,202,psychic,None,190,33,58,33,58,33,405,130,28.5,142
203,girafarig,203,normal,psychic,70,80,65,90,65,85,455,150,41.5,159
204,pineco,204,bug,None,50,65,90,35,35,15,290,60,7.2,58
205,forretress,205,bug,steel,75,90,140,60,60,40,465,120,125.8,163
206,dunsparce,206,normal,None,100,70,70,65,65,45,415,150,14,145
207,gligar,207,ground,flying,65,75,105,35,65,85,430,110,64.8,86
208,steelix,208,steel,ground,75,85,200,55,65,30,510,920,400,179
209,snubbull,209,fairy,None,60,80,50,40,40,30,300,60,7.8,60
210,granbull,210,fairy,None,90,120,75,60,60,45,450,140,48.7,158
211,qwilfish,211,water,poison,65,95,85,55,55,85,440,50,3.9,88
212,scizor,212,bug,steel,70,130,100,55,80,65,500,180,118,175
213,shuckle,213,bug,rock,20,10,230,10,230,5,505,60,20.5,177
214,heracross,214,bug,fighting,80,125,75,40,95,85,500,150,54,175
215,sneasel,215,dark,ice,55,95,55,35,75,115,430,90,28,86
216,teddiursa,216,normal,None,60,80,50,50,50,40,330,60,8.8,66
217,ursaring,217,normal,None,90,130,75,75,75,55,500,180,125.8,175
218,slugma,218,fire,None,40,40,40,70,40,20,250,70,35,50
219,magcargo,219,fire,rock,60,50,120,90,80,30,430,80,55,151
220,swinub,220,ice,ground,50,50,40,30,30,50,250,40,6.5,50
221,piloswine,221,ice,ground,100,100,80,60,60,50,450,110,55.8,158
222,corsola,222,water,rock,65,55,95,65,95,35,410,60,5,144
223,remoraid,223,water,None,35,65,35,65,35,65,300,60,12,60
224,octillery,224,water,None,75,105,75,105,75,45,480,90,28.5,168
225,delibird,225,ice,flying,45,55,45,65,45,75,330,90,16,116
226,mantine,226,water,flying,85,40,70,80,140,70,485,210,220,170
227,skarmory,227,steel,flying,65,80,140,40,70,70,465,170,50.5,163
228,houndour,228,dark,fire,45,60,30,80,50,65,330,60,10.8,66
229,houndoom,229,dark,fire,75,90,50,110,80,95,500,140,35,175
230,kingdra,230,water,dragon,75,95,95,95,95,85,540,180,152,243
231,phanpy,231,ground,None,90,60,60,40,40,40,330,50,33.5,66
232,donphan,232,ground,None,90,120,120,60,60,50,500,110,120,175
233,porygon2,233,normal,None,85,80,90,105,95,60,515,60,32.5,180
234,stantler,234,normal,None,73,95,62,85,65,85,465,140,71.2,163
235,smeargle,235,normal,None,55,20,35,20,45,75,250,120,58,88
236,tyrogue,236,fighting,None,35,35,35,35,35,35,210,70,21,42
237,hitmontop,237,fighting,None,50,95,95,35,110,70,455,140,48,159
238,smoochum,238,ice,psychic,45,30,15,85,65,65,305,40,6,61
239,elekid,239,electric,None,45,63,37,65,55,95,360,60,23.5,72
240,magby,240,fire,None,45,75,37,70,55,83,365,70,21.4,73
241,miltank,241,normal,None,95,80,105,40,70,100,490,120,75.5,172
242,blissey,242,normal,None,255,10,10,75,135,55,540,150,46.8,608
243,raikou,243,electric,None,90,85,75,115,100,115,580,190,178,261
244,entei,244,fire,None,115,115,85,90,75,100,580,210,198,261
245,suicune,245,water,None,100,75,115,90,115,85,580,200,187,261
246,larvitar,246,rock,ground,50,64,50,45,50,41,300,60,72,60
247,pupitar,247,rock,ground,70,84,70,65,70,51,410,120,152,144
248,tyranitar,248,rock,dark,100,134,110,95,100,61,600,200,202,270
249,lugia,249,psychic,flying,106,90,130,90,154,110,680,520,216,306
250,ho-oh,250,fire,flying,106,130,90,110,154,90,680,380,199,306
251,celebi,251,psychic,grass,100,100,100,100,100,100,600,60,5,270
252,treecko,252,grass,None,40,45,35,65,55,70,310,50,5,62
253,grovyle,253,grass,None,50,65,45,85,65,95,405,90,21.6,142
254,sceptile,254,grass,None,70,85,65,105,85,120,530,170,52.2,239
255,torchic,255,fire,None,45,60,40,70,50,45,310,40,2.5,62
256,combusken,256,fire,fighting,60,85,60,85,60,55,405,90,19.5,142
257,blaziken,257,fire,fighting,80,120,70,110,70,80,530,190,52,239
258,mudkip,258,water,None,50,70,50,50,50,40,310,40,7.6,62
259,marshtomp,259,water,ground,70,85,70,60,70,50,405,70,28,142
260,swampert,260,water,ground,100,110,90,85,90,60,535,150,81.9,241
261,poochyena,261,dark,None,35,55,35,30,30,35,220,50,13.6,56
262,mightyena,262,dark,None,70,90,70,60,60,70,420,100,37,147
263,zigzagoon,263,normal,None,38,30,41,30,41,60,240,40,17.5,56
264,linoone,264,normal,None,78,70,61,50,61,100,420,50,32.5,147
265,wurmple,265,bug,None,45,45,35,20,30,20,195,30,3.6,56
266,silcoon,266,bug,None,50,35,55,25,25,15,205,60,10,72
267,beautifly,267,bug,flying,60,70,50,100,50,65,395,100,28.4,178
268,cascoon,268,bug,None,50,35,55,25,25,15,205,70,11.5,72
269,dustox,269,bug,poison,60,50,70,50,90,65,385,120,31.6,173
270,lotad,270,water,grass,40,30,30,40,50,30,220,50,2.6,44
271,lombre,271,water,grass,60,50,50,60,70,50,340,120,32.5,119
272,ludicolo,272,water,grass,80,70,70,90,100,70,480,150,55,216
273,seedot,273,grass,None,40,40,50,30,30,30,220,50,4,44
274,nuzleaf,274,grass,dark,70,70,40,60,40,60,340,100,28,119
275,shiftry,275,grass,dark,90,100,60,90,60,80,480,130,59.6,216
276,taillow,276,normal,flying,40,55,30,30,30,85,270,30,2.3,54
277,swellow,277,normal,flying,60,85,60,75,50,125,455,70,19.8,159
278,wingull,278,water,flying,40,30,30,55,30,85,270,60,9.5,54
279,pelipper,279,water,flying,60,50,100,95,70,65,440,120,28,154
280,ralts,280,psychic,fairy,28,25,25,45,35,40,198,40,6.6,40
281,kirlia,281,psychic,fairy,38,35,35,65,55,50,278,80,20.2,97
282,gardevoir,282,psychic,fairy,68,65,65,125,115,80,518,160,48.4,233
283,surskit,283,bug,water,40,30,32,50,52,65,269,50,1.7,54
284,masquerain,284,bug,flying,70,60,62,100,82,80,454,80,3.6,159
285,shroomish,285,grass,None,60,40,60,40,60,35,295,40,4.5,59
286,breloom,286,grass,fighting,60,130,80,60,60,70,460,120,39.2,161
287,slakoth,287,normal,None,60,60,60,35,35,30,280,80,24,56
288,vigoroth,288,normal,None,80,80,80,55,55,90,440,140,46.5,154
289,slaking,289,normal,None,150,160,100,95,65,100,670,200,130.5,252
290,nincada,290,bug,ground,31,45,90,30,30,40,266,50,5.5,53
291,ninjask,291,bug,flying,61,90,45,50,50,160,456,80,12,160
292,shedinja,292,bug,ghost,1,90,45,30,30,40,236,80,1.2,83
293,whismur,293,normal,None,64,51,23,51,23,28,240,60,16.3,48
294,loudred,294,normal,None,84,71,43,71,43,48,360,100,40.5,126
295,exploud,295,normal,None,104,91,63,91,73,68,490,150,84,221
296,makuhita,296,fighting,None,72,60,30,20,30,25,237,100,86.4,47
297,hariyama,297,fighting,None,144,120,60,40,60,50,474,230,253.8,166
298,azurill,298,normal,fairy,50,20,40,20,40,20,190,20,2,38
299,nosepass,299,rock,None,30,45,135,45,90,30,375,100,97,75
300,skitty,300,normal,None,50,45,45,35,35,50,260,60,11,52
301,delcatty,301,normal,None,70,65,65,55,55,90,400,110,32.6,140
302,sableye,302,dark,ghost,50,75,75,65,65,50,380,50,11,133
303,mawile,303,steel,fairy,50,85,85,55,55,50,380,60,11.5,133
304,aron,304,steel,rock,50,70,100,40,40,30,330,40,60,66
305,lairon,305,steel,rock,60,90,140,50,50,40,430,90,120,151
306,aggron,306,steel,rock,70,110,180,60,60,50,530,210,360,239
307,meditite,307,fighting,psychic,30,40,55,40,55,60,280,60,11.2,56
308,medicham,308,fighting,psychic,60,60,75,60,75,80,410,130,31.5,144
309,electrike,309,electric,None,40,45,40,65,40,65,295,60,15.2,59
310,manectric,310,electric,None,70,75,60,105,60,105,475,150,40.2,166
311,plusle,311,electric,None,60,50,40,85,75,95,405,40,4.2,142
312,minun,312,electric,None,60,40,50,75,85,95,405,40,4.2,142
313,volbeat,313,bug,None,65,73,75,47,85,85,430,70,17.7,151
314,illumise,314,bug,None,65,47,75,73,85,85,430,60,17.7,151
315,roselia,315,grass,poison,50,60,45,100,80,65,400,30,2,140
316,gulpin,316,poison,None,70,43,53,43,53,40,302,40,10.3,60
317,swalot,317,poison,None,100,73,83,73,83,55,467,170,80,163
318,carvanha,318,water,dark,45,90,20,65,20,65,305,80,20.8,61
319,sharpedo,319,water,dark,70,120,40,95,40,95,460,180,88.8,161
320,wailmer,320,water,None,130,70,35,70,35,60,400,200,130,80
321,wailord,321,water,None,170,90,45,90,45,60,500,1450,398,175
322,numel,322,fire,ground,60,60,40,65,45,35,305,70,24,61
323,camerupt,323,fire,ground,70,100,70,105,75,40,460,190,220,161
324,torkoal,324,fire,None,70,85,140,85,70,20,470,50,80.4,165
325,spoink,325,psychic,None,60,25,35,70,80,60,330,70,30.6,66
326,grumpig,326,psychic,None,80,45,65,90,110,80,470,90,71.5,165
327,spinda,327,normal,None,60,60,60,60,60,60,360,110,5,126
328,trapinch,328,ground,None,45,100,45,45,45,10,290,70,15,58
329,vibrava,329,ground,dragon,50,70,50,50,50,70,340,110,15.3,119
330,flygon,330,ground,dragon,80,100,80,80,80,100,520,200,82,234
331,cacnea,331,grass,None,50,85,40,85,40,35,335,40,51.3,67
332,cacturne,332,grass,dark,70,115,60,115,60,55,475,130,77.4,166
333,swablu,333,normal,flying,45,40,60,40,75,50,310,40,1.2,62
334,altaria,334,dragon,flying,75,70,90,70,105,80,490,110,20.6,172
335,zangoose,335,normal,None,73,115,60,60,60,90,458,130,40.3,160
336,seviper,336,poison,None,73,100,60,100,60,65,458,270,52.5,160
337,lunatone,337,rock,psychic,90,55,65,95,85,70,460,100,168,161
338,solrock,338,rock,psychic,90,95,85,55,65,70,460,120,154,161
339,barboach,339,water,ground,50,48,43,46,41,60,288,40,1.9,58
340,whiscash,340,water,ground,110,78,73,76,71,60,468,90,23.6,164
341,corphish,341,water,None,43,80,65,50,35,35,308,60,11.5,62
342,crawdaunt,342,water,dark,63,120,85,90,55,55,468,110,32.8,164
343,baltoy,343,ground,psychic,40,40,55,40,70,55,300,50,21.5,60
344,claydol,344,ground,psychic,60,70,105,70,120,75,500,150,108,175
345,lileep,345,rock,grass,66,41,77,61,87,23,355,100,23.8,71
346,cradily,346,rock,grass,86,81,97,81,107,43,495,150,60.4,173
347,anorith,347,rock,bug,45,95,50,40,50,75,355,70,12.5,71
348,armaldo,348,rock,bug,75,125,100,70,80,45,495,150,68.2,173
349,feebas,349,water,None,20,15,20,10,55,80,200,60,7.4,40
350,milotic,350,water,None,95,60,79,100,125,81,540,620,162,189
351,castform,351,normal,None,70,70,70,70,70,70,420,30,0.8,147
352,kecleon,352,normal,None,60,90,70,60,120,40,440,100,22,154
353,shuppet,353,ghost,None,44,75,35,63,33,45,295,60,2.3,59
354,banette,354,ghost,None,64,115,65,83,63,65,455,110,12.5,159
355,duskull,355,ghost,None,20,40,90,30,90,25,295,80,15,59
356,dusclops,356,ghost,None,40,70,130,60,130,25,455,160,30.6,159
357,tropius,357,grass,flying,99,68,83,72,87,51,460,200,100,161
358,chimecho,358,psychic,None,75,50,80,95,90,65,455,60,1,159
359,absol,359,dark,None,65,130,60,75,60,75,465,120,47,163
360,wynaut,360,psychic,None,95,23,48,23,48,23,260,60,14,52
361,snorunt,361,ice,None,50,50,50,50,50,50,300,70,16.8,60
362,glalie,362,ice,None,80,80,80,80,80,80,480,150,256.5,168
363,spheal,363,ice,water,70,40,50,55,50,25,290,80,39.5,58
364,sealeo,364,ice,water,90,60,70,75,70,45,410,110,87.6,144
365,walrein,365,ice,water,110,80,90,95,90,65,530,140,150.6,239
366,clamperl,366,water,None,35,64,85,74,55,32,345,40,52.5,69
367,huntail,367,water,None,55,104,105,94,75,52,485,170,27,170
368,gorebyss,368,water,None,55,84,105,114,75,52,485,180,22.6,170
369,relicanth,369,water,rock,100,90,130,45,65,55,485,100,23.4,170
370,luvdisc,370,water,None,43,30,55,40,65,97,330,60,8.7,116
371,bagon,371,dragon,None,45,75,60,40,30,50,300,60,42.1,60
372,shelgon,372,dragon,None,65,95,100,60,50,50,420,110,110.5,147
373,salamence,373,dragon,flying,95,135,80,110,80,100,600,150,102.6,270
374,beldum,374,steel,psychic,40,55,80,35,60,30,300,60,95.2,60
375,metang,375,steel,psychic,60,75,100,55,80,50,420,120,202.5,147
376,metagross,376,steel,psychic,80,135,130,95,90,70,600,160,550,270
377,regirock,377,rock,None,80,100,200,50,100,50,580,170,230,261
378,regice,378,ice,None,80,50,100,100,200,50,580,180,175,261
379,registeel,379,steel,None,80,75,150,75,150,50,580,190,205,261
380,latias,380,dragon,psychic,80,80,90,110,130,110,600,140,40,270
381,latios,381,dragon,psychic,80,90,80,130,110,110,600,200,60,270
382,kyogre,382,water,None,100,100,90,150,140,90,670,450,352,302
383,groudon,383,ground,None,100,150,140,100,90,90,670,350,950,302
384,rayquaza,384,dragon,flying,105,150,90,150,90,95,680,700,206.5,306
385,jirachi,385,steel,psychic,100,100,100,100,100,100,600,30,1.1,270
386,deoxys-normal,386,psychic,None,50,150,50,150,50,150,600,170,60.8,270
387,turtwig,387,grass,None,55,68,64,45,55,31,318,40,10.2,64
388,grotle,388,grass,None,75,89,85,55,65,36,405,110,97,142
389,torterra,389,grass,ground,95,109,105,75,85,56,525,220,310,236
390,chimchar,390,fire,None,44,58,44,58,44,61,309,50,6.2,62
391,monferno,391,fire,fighting,64,78,52,78,52,81,405,90,22,142
392,infernape,392,fire,fighting,76,104,71,104,71,108,534,120,55,240
393,piplup,393,water,None,53,51,53,61,56,40,314,40,5.2,63
394,prinplup,394,water,None,64,66,68,81,76,50,405,80,23,142
395,empoleon,395,water,steel,84,86,88,111,101,60,530,170,84.5,239
396,starly,396,normal,flying,40,55,30,30,30,60,245,30,2,49
397,staravia,397,normal,flying,55,75,50,40,40,80,340,60,15.5,119
398,staraptor,398,normal,flying,85,120,70,50,60,100,485,120,24.9,218
399,bidoof,399,normal,None,59,45,40,35,40,31,250,50,20,50
400,bibarel,400,normal,water,79,85,60,55,60,71,410,100,31.5,144
401,kricketot,401,bug,None,37,25,41,25,41,25,194,30,2.2,39
402,kricketune,402,bug,None,77,85,51,55,51,65,384,100,25.5,134
403,shinx,403,electric,None,45,65,34,40,34,45,263,50,9.5,53
404,luxio,404,electric,None,60,85,49,60,49,60,363,90,30.5,127
405,luxray,405,electric,None,80,120,79,95,79,70,523,140,42,235
406,budew,406,grass,poison,40,30,35,50,70,55,280,20,1.2,56
407,roserade,407,grass,poison,60,70,65,125,105,90,515,90,14.5,232
408,cranidos,408,rock,None,67,125,40,30,30,58,350,90,31.5,70
409,rampardos,409,rock,None,97,165,60,65,50,58,495,160,102.5,173
410,shieldon,410,rock,steel,30,42,118,42,88,30,350,50,57,70
411,bastiodon,411,rock,steel,60,52,168,47,138,30,495,130,149.5,173
412,burmy,412,bug,None,40,29,45,29,45,36,224,20,3.4,45
413,wormadam-plant,413,bug,grass,60,59,85,79,105,36,424,50,6.5,148
414,mothim,414,bug,flying,70,94,50,94,50,66,424,90,23.3,148
415,combee,415,bug,flying,30,30,42,30,42,70,244,30,5.5,49
416,vespiquen,416,bug,flying,70,80,102,80,102,40,474,120,38.5,166
417,pachirisu,417,electric,None,60,45,70,45,90,95,405,40,3.9,142
418,buizel,418,water,None,55,65,35,60,30,85,330,70,29.5,66
419,floatzel,419,water,None,85,105,55,85,50,115,495,110,33.5,173
420,cherubi,420,grass,None,45,35,45,62,53,35,275,40,3.3,55
421,cherrim,421,grass,None,70,60,70,87,78,85,450,50,9.3,158
422,shellos,422,water,None,76,48,48,57,62,34,325,30,6.3,65
423,gastrodon,423,water,ground,111,83,68,92,82,39,475,90,29.9,166
424,ambipom,424,normal,None,75,100,66,60,66,115,482,120,20.3,169
425,drifloon,425,ghost,flying,90,50,34,60,44,70,348,40,1.2,70
426,drifblim,426,ghost,flying,150,80,44,90,54,80,498,120,15,174
427,buneary,427,normal,None,55,66,44,44,56,85,350,40,5.5,70
428,lopunny,428,normal,None,65,76,84,54,96,105,480,120,33.3,168
429,mismagius,429,ghost,None,60,60,60,105,105,105,495,90,4.4,173
430,honchkrow,430,dark,flying,100,125,52,105,52,71,505,90,27.3,177
431,glameow,431,normal,None,49,55,42,42,37,85,310,50,3.9,62
432,purugly,432,normal,None,71,82,64,64,59,112,452,100,43.8,158
433,chingling,433,psychic,None,45,30,50,65,50,45,285,20,0.6,57
434,stunky,434,poison,dark,63,63,47,41,41,74,329,40,19.2,66
435,skuntank,435,poison,dark,103,93,67,71,61,84,479,100,38,168
436,bronzor,436,steel,psychic,57,24,86,24,86,23,300,50,60.5,60
437,bronzong,437,steel,psychic,67,89,116,79,116,33,500,130,187,175
438,bonsly,438,rock,None,50,80,95,10,45,10,290,50,15,58
439,mime-jr,439,psychic,fairy,20,25,45,70,90,60,310,60,13,62
440,happiny,440,normal,None,100,5,5,15,65,30,220,60,24.4,110
441,chatot,441,normal,flying,76,65,45,92,42,91,411,50,1.9,144
442,spiritomb,442,ghost,dark,50,92,108,92,108,35,485,100,108,170
443,gible,443,dragon,ground,58,70,45,40,45,42,300,70,20.5,60
444,gabite,444,dragon,ground,68,90,65,50,55,82,410,140,56,144
445,garchomp,445,dragon,ground,108,130,95,80,85,102,600,190,95,270
446,munchlax,446,normal,None,135,85,40,40,85,5,390,60,105,78
447,riolu,447,fighting,None,40,70,40,35,40,60,285,70,20.2,57
448,lucario,448,fighting,steel,70,110,70,115,70,90,525,120,54,184
449,hippopotas,449,ground,None,68,72,78,38,42,32,330,80,49.5,66
450,hippowdon,450,ground,None,108,112,118,68,72,47,525,200,300,184
451,skorupi,451,poison,bug,40,50,90,30,55,65,330,80,12,66
452,drapion,452,poison,dark,70,90,110,60,75,95,500,130,61.5,175
453,croagunk,453,poison,fighting,48,61,40,61,40,50,300,70,23,60
454,toxicroak,454,poison,fighting,83,106,65,86,65,85,490,130,44.4,172
455,carnivine,455,grass,None,74,100,72,90,72,46,454,140,27,159
456,finneon,456,water,None,49,49,56,49,61,66,330,40,7,66
457,lumineon,457,water,None,69,69,76,69,86,91,460,120,24,161
458,mantyke,458,water,flying,45,20,50,60,120,50,345,100,65,69
459,snover,459,grass,ice,60,62,50,62,60,40,334,100,50.5,67
460,abomasnow,460,grass,ice,90,92,75,92,85,60,494,220,135.5,173
461,weavile,461,dark,ice,70,120,65,45,85,125,510,110,34,179
462,magnezone,462,electric,steel,70,70,115,130,90,60,535,120,180,241
463,lickilicky,463,normal,None,110,85,95,80,95,50,515,170,140,180
464,rhyperior,464,ground,rock,115,140,130,55,55,40,535,240,282.8,241
465,tangrowth,465,grass,None,100,100,125,110,50,50,535,200,128.6,187
466,electivire,466,electric,None,75,123,67,95,85,95,540,180,138.6,243
467,magmortar,467,fire,None,75,95,67,125,95,83,540,160,68,243
468,togekiss,468,fairy,flying,85,50,95,120,115,80,545,150,38,245
469,yanmega,469,bug,flying,86,76,86,116,56,95,515,190,51.5,180
470,leafeon,470,grass,None,65,110,130,60,65,95,525,100,25.5,184
471,glaceon,471,ice,None,65,60,110,130,95,65,525,80,25.9,184
472,gliscor,472,ground,flying,75,95,125,45,75,95,510,200,42.5,179
473,mamoswine,473,ice,ground,110,130,80,70,60,80,530,250,291,239
474,porygon-z,474,normal,None,85,80,70,135,75,90,535,90,34,241
475,gallade,475,psychic,fighting,68,125,65,65,115,80,518,160,52,233
476,probopass,476,rock,steel,60,55,145,75,150,40,525,140,340,184
477,dusknoir,477,ghost,None,45,100,135,65,135,45,525,220,106.6,236
478,froslass,478,ice,ghost,70,80,70,80,70,110,480,130,26.6,168
479,rotom,479,electric,ghost,50,50,77,95,77,91,440,30,0.3,154
480,uxie,480,psychic,None,75,75,130,75,130,95,580,30,0.3,261
481,mesprit,481,psychic,None,80,105,105,105,105,80,580,30,0.3,261
482,azelf,482,psychic,None,75,125,70,125,70,115,580,30,0.3,261
483,dialga,483,steel,dragon,100,120,120,150,100,90,680,540,683,306
484,palkia,484,water,dragon,90,120,100,150,120,100,680,420,336,306
485,heatran,485,fire,steel,91,90,106,130,106,77,600,170,430,270
486,regigigas,486,normal,None,110,160,110,80,110,100,670,370,420,302
487,giratina-altered,487,ghost,dragon,150,100,120,100,120,90,680,450,750,306
488,cresselia,488,psychic,None,120,70,110,75,120,85,580,150,85.6,270
489,phione,489,water,None,80,80,80,80,80,80,480,40,3.1,216
490,manaphy,490,water,None,100,100,100,100,100,100,600,30,1.4,270
491,darkrai,491,dark,None,70,90,90,135,90,125,600,150,50.5,270
492,shaymin-land,492,grass,None,100,100,100,100,100,100,600,20,2.1,270
493,arceus,493,normal,None,120,120,120,120,120,120,720,320,320,324
494,victini,494,psychic,fire,100,100,100,100,100,100,600,40,4,270
495,snivy,495,grass,None,45,45,55,45,55,63,308,60,8.1,62
496,servine,496,grass,None,60,60,75,60,75,83,413,80,16,145
497,serperior,497,grass,None,75,75,95,75,95,113,528,330,63,238
498,tepig,498,fire,None,65,63,45,45,45,45,308,50,9.9,62
499,pignite,499,fire,fighting,90,93,55,70,55,55,418,100,55.5,146
500,emboar,500,fire,fighting,110,123,65,100,65,65,528,160,150,238
501,oshawott,501,water,None,55,55,45,63,45,45,308,50,5.9,62
502,dewott,502,water,None,75,75,60,83,60,60,413,80,24.5,145
503,samurott,503,water,None,95,100,85,108,70,70,528,150,94.6,238
504,patrat,504,normal,None,45,55,39,35,39,42,255,50,11.6,51
505,watchog,505,normal,None,60,85,69,60,69,77,420,110,27,147
506,lillipup,506,normal,None,45,60,45,25,45,55,275,40,4.1,55
507,herdier,507,normal,None,65,80,65,35,65,60,370,90,14.7,130
508,stoutland,508,normal,None,85,110,90,45,90,80,500,120,61,225
509,purrloin,509,dark,None,41,50,37,50,37,66,281,40,10.1,56
510,liepard,510,dark,None,64,88,50,88,50,106,446,110,37.5,156
511,pansage,511,grass,None,50,53,48,53,48,64,316,60,10.5,63
512,simisage,512,grass,None,75,98,63,98,63,101,498,110,30.5,174
513,pansear,513,fire,None,50,53,48,53,48,64,316,60,11,63
514,simisear,514,fire,None,75,98,63,98,63,101,498,100,28,174
515,panpour,515,water,None,50,53,48,53,48,64,316,60,13.5,63
516,simipour,516,water,None,75,98,63,98,63,101,498,100,29,174
517,munna,517,psychic,None,76,25,45,67,55,24,292,60,23.3,58
518,musharna,518,psychic,None,116,55,85,107,95,29,487,110,60.5,170
519,pidove,519,normal,flying,50,55,50,36,30,43,264,30,2.1,53
520,tranquill,520,normal,flying,62,77,62,50,42,65,358,60,15,125
521,unfezant,521,normal,flying,80,115,80,65,55,93,488,120,29,220
522,blitzle,522,electric,None,45,60,32,50,32,76,295,80,29.8,59
523,zebstrika,523,electric,None,75,100,63,80,63,116,497,160,79.5,174
524,roggenrola,524,rock,None,55,75,85,25,25,15,280,40,18,56
525,boldore,525,rock,None,70,105,105,50,40,20,390,90,102,137
526,gigalith,526,rock,None,85,135,130,60,80,25,515,170,260,232
527,woobat,527,psychic,flying,65,45,43,55,43,72,323,40,2.1,65
528,swoobat,528,psychic,flying,67,57,55,77,55,114,425,90,10.5,149
529,drilbur,529,ground,None,60,85,40,30,45,68,328,30,8.5,66
530,excadrill,530,ground,steel,110,135,60,50,65,88,508,70,40.4,178
531,audino,531,normal,None,103,60,86,60,86,50,445,110,31,390
532,timburr,532,fighting,None,75,80,55,25,35,35,305,60,12.5,61
533,gurdurr,533,fighting,None,85,105,85,40,50,40,405,120,40,142
534,conkeldurr,534,fighting,None,105,140,95,55,65,45,505,140,87,227
535,tympole,535,water,None,50,50,40,50,40,64,294,50,4.5,59
536,palpitoad,536,water,ground,75,65,55,65,55,69,384,80,17,134
537,seismitoad,537,water,ground,105,95,75,85,75,74,509,150,62,229
538,throh,538,fighting,None,120,100,85,30,85,45,465,130,55.5,163
539,sawk,539,fighting,None,75,125,75,30,75,85,465,140,51,163
540,sewaddle,540,bug,grass,45,53,70,40,60,42,310,30,2.5,62
541,swadloon,541,bug,grass,55,63,90,50,80,42,380,50,7.3,133
542,leavanny,542,bug,grass,75,103,80,70,80,92,500,120,20.5,225
543,venipede,543,bug,poison,30,45,59,30,39,57,260,40,5.3,52
544,whirlipede,544,bug,poison,40,55,99,40,79,47,360,120,58.5,126
545,scolipede,545,bug,poison,60,100,89,55,69,112,485,250,200.5,218
546,cottonee,546,grass,fairy,40,27,60,37,50,66,280,30,0.6,56
547,whimsicott,547,grass,fairy,60,67,85,77,75,116,480,70,6.6,168
548,petilil,548,grass,None,45,35,50,70,50,30,280,50,6.6,56
549,lilligant,549,grass,None,70,60,75,110,75,90,480,110,16.3,168
550,basculin-red-striped,550,water,None,70,92,65,80,55,98,460,100,18,161
551,sandile,551,ground,dark,50,72,35,35,35,65,292,70,15.2,58
552,krokorok,552,ground,dark,60,82,45,45,45,74,351,100,33.4,123
553,krookodile,553,ground,dark,95,117,80,65,70,92,519,150,96.3,234
554,darumaka,554,fire,None,70,90,45,15,45,50,315,60,37.5,63
555,darmanitan-standard,555,fire,None,105,140,55,30,55,95,480,130,92.9,168
556,maractus,556,grass,None,75,86,67,106,67,60,461,100,28,161
557,dwebble,557,bug,rock,50,65,85,35,35,55,325,30,14.5,65
558,crustle,558,bug,rock,70,105,125,65,75,45,485,140,200,170
559,scraggy,559,dark,fighting,50,75,70,35,70,48,348,60,11.8,70
560,scrafty,560,dark,fighting,65,90,115,45,115,58,488,110,30,171
561,sigilyph,561,psychic,flying,72,58,80,103,80,97,490,140,14,172
562,yamask,562,ghost,None,38,30,85,55,65,30,303,50,1.5,61
563,cofagrigus,563,ghost,None,58,50,145,95,105,30,483,170,76.5,169
564,tirtouga,564,water,rock,54,78,103,53,45,22,355,70,16.5,71
565,carracosta,565,water,rock,74,108,133,83,65,32,495,120,81,173
566,archen,566,rock,flying,55,112,45,74,45,70,401,50,9.5,71
567,archeops,567,rock,flying,75,140,65,112,65,110,567,140,32,177
568,trubbish,568,poison,None,50,50,62,40,62,65,329,60,31,66
569,garbodor,569,poison,None,80,95,82,60,82,75,474,190,107.3,166
570,zorua,570,dark,None,40,65,40,80,40,65,330,70,12.5,66
571,zoroark,571,dark,None,60,105,60,120,60,105,510,160,81.1,179
572,minccino,572,normal,None,55,50,40,40,40,75,300,40,5.8,60
573,cinccino,573,normal,None,75,95,60,65,60,115,470,50,7.5,165
574,gothita,574,psychic,None,45,30,50,55,65,45,290,40,5.8,58
575,gothorita,575,psychic,None,60,45,70,75,85,55,390,70,18,137
576,gothitelle,576,psychic,None,70,55,95,95,110,65,490,150,44,221
577,solosis,577,psychic,None,45,30,40,105,50,20,290,30,1,58
578,duosion,578,psychic,None,65,40,50,125,60,30,370,60,8,130
579,reuniclus,579,psychic,None,110,65,75,125,85,30,490,100,20.1,221
580,ducklett,580,water,flying,62,44,50,44,50,55,305,50,5.5,61
581,swanna,581,water,flying,75,87,63,87,63,98,473,130,24.2,166
582,vanillite,582,ice,None,36,50,50,65,60,44,305,40,5.7,61
583,vanillish,583,ice,None,51,65,65,80,75,59,395,110,41,138
584,vanilluxe,584,ice,None,71,95,85,110,95,79,535,130,57.5,241
585,deerling,585,normal,grass,60,60,50,40,50,75,335,60,19.5,67
586,sawsbuck,586,normal,grass,80,100,70,60,70,95,475,190,92.5,166
587,emolga,587,electric,flying,55,75,60,75,60,103,428,40,5,150
588,karrablast,588,bug,None,50,75,45,40,45,60,315,50,5.9,63
589,escavalier,589,bug,steel,70,135,105,60,105,20,495,100,33,173
590,foongus,590,grass,poison,69,55,45,55,55,15,294,20,1,59
591,amoonguss,591,grass,poison,114,85,70,85,80,30,464,60,10.5,162
592,frillish-male,592,water,ghost,55,40,50,65,85,40,335,120,33,67
593,jellicent-male,593,water,ghost,100,60,70,85,105,60,480,220,135,168
594,alomomola,594,water,None,165,75,80,40,45,65,470,120,31.6,165
595,joltik,595,bug,electric,50,47,50,57,50,65,319,10,0.6,64
596,galvantula,596,bug,electric,70,77,60,97,60,108,472,80,14.3,165
597,ferroseed,597,grass,steel,44,50,91,24,86,10,305,60,18.8,61
598,ferrothorn,598,grass,steel,74,94,131,54,116,20,489,100,110,171
599,klink,599,steel,None,40,55,70,45,60,30,300,30,21,60
600,klang,600,steel,None,60,80,95,70,85,50,440,60,51,154
601,klinklang,601,steel,None,60,100,115,70,85,90,520,60,81,234
602,tynamo,602,electric,None,35,55,40,45,40,60,275,20,0.3,55
603,eelektrik,603,electric,None,65,85,70,75,70,40,405,120,22,142
604,eelektross,604,electric,None,85,115,80,105,80,50,515,210,80.5,232
605,elgyem,605,psychic,None,55,55,55,85,55,30,335,50,9,67
606,beheeyem,606,psychic,None,75,75,75,125,95,40,485,100,34.5,170
607,litwick,607,ghost,fire,50,30,55,65,55,20,275,30,3.1,55
608,lampent,608,ghost,fire,60,40,60,95,60,55,370,60,13,130
609,chandelure,609,ghost,fire,60,55,90,145,90,80,520,100,34.3,234
610,axew,610,dragon,None,46,87,60,30,40,57,320,60,18,64
611,fraxure,611,dragon,None,66,117,70,40,50,67,410,100,36,144
612,haxorus,612,dragon,None,76,147,90,60,70,97,540,180,105.5,243
613,cubchoo,613,ice,None,55,70,40,60,40,40,305,50,8.5,61
614,beartic,614,ice,None,95,130,80,70,80,50,505,260,260,177
615,cryogonal,615,ice,None,80,50,50,95,135,105,515,110,148,180
616,shelmet,616,bug,None,50,40,85,40,65,25,305,40,7.7,61
617,accelgor,617,bug,None,80,70,40,100,60,145,495,80,25.3,173
618,stunfisk,618,ground,electric,109,66,84,81,99,32,471,70,11,165
619,mienfoo,619,fighting,None,45,85,50,55,50,65,350,90,20,70
620,mienshao,620,fighting,None,65,125,60,95,60,105,510,140,35.5,179
621,druddigon,621,dragon,None,77,120,90,60,90,48,485,160,139,170
622,golett,622,ground,ghost,59,74,50,35,50,35,303,100,92,61
623,golurk,623,ground,ghost,89,124,80,55,80,55,483,280,330,169
624,pawniard,624,dark,steel,45,85,70,40,40,60,340,50,10.2,68
625,bisharp,625,dark,steel,65,125,100,60,70,70,490,160,70,172
626,bouffalant,626,normal,None,95,110,95,40,95,55,490,160,94.6,172
627,rufflet,627,normal,flying,70,83,50,37,50,60,350,50,10.5,70
628,braviary,628,normal,flying,100,123,75,57,75,80,510,150,41,179
629,vullaby,629,dark,flying,70,55,75,45,65,60,370,50,9,74
630,mandibuzz,630,dark,flying,110,65,105,55,95,80,510,120,39.5,179
631,heatmor,631,fire,None,85,97,66,105,66,65,484,140,58,169
632,durant,632,bug,steel,58,109,112,48,48,109,484,30,33,169
633,deino,633,dark,dragon,52,65,50,45,50,38,300,80,17.3,60
634,zweilous,634,dark,dragon,72,85,70,65,70,58,420,140,50,147
635,hydreigon,635,dark,dragon,92,105,90,125,90,98,600,180,160,270
636,larvesta,636,bug,fire,55,85,55,50,55,60,360,110,28.8,72
637,volcarona,637,bug,fire,85,60,65,135,105,100,550,160,46,248
638,cobalion,638,steel,fighting,91,90,129,90,72,108,580,210,250,261
639,terrakion,639,rock,fighting,91,129,90,72,90,108,580,190,260,261
640,virizion,640,grass,fighting,91,90,72,90,129,108,580,200,200,261
641,tornadus-incarnate,641,flying,None,79,115,70,125,80,111,580,150,63,261
642,thundurus-incarnate,642,electric,flying,79,115,70,125,80,111,580,150,61,261
643,reshiram,643,dragon,fire,100,120,100,150,120,90,680,320,330,306
644,zekrom,644,dragon,electric,100,150,120,120,100,90,680,290,345,306
645,landorus-incarnate,645,ground,flying,89,125,90,115,80,101,600,150,68,270
646,kyurem,646,dragon,ice,125,130,90,130,90,95,660,300,325,297
647,keldeo-ordinary,647,water,fighting,91,72,90,129,90,108,580,140,48.5,261
648,meloetta-aria,648,normal,psychic,100,77,77,128,128,90,600,60,6.5,270
649,genesect,649,bug,steel,71,120,95,120,95,99,600,150,82.5,270
650,chespin,650,grass,None,56,61,65,48,45,38,313,40,9,63
651,quilladin,651,grass,None,61,78,95,56,58,57,405,70,29,142
652,chesnaught,652,grass,fighting,88,107,122,74,75,64,530,160,90,239
653,fennekin,653,fire,None,40,45,40,62,60,60,307,40,9.4,61
654,braixen,654,fire,None,59,59,58,90,70,73,409,100,14.5,143
655,delphox,655,fire,psychic,75,69,72,114,100,104,534,150,39,240
656,froakie,656,water,None,41,56,40,62,44,71,314,30,7,63
657,frogadier,657,water,None,54,63,52,83,56,97,405,60,10.9,142
658,greninja,658,water,dark,72,95,67,103,71,122,530,150,40,239
659,bunnelby,659,normal,None,38,36,38,32,36,57,237,40,5,47
660,diggersby,660,normal,ground,85,56,77,50,77,78,423,100,42.4,148
661,fletchling,661,normal,flying,45,50,43,40,38,62,278,30,1.7,56
662,fletchinder,662,fire,flying,62,73,55,56,52,84,382,70,16,134
663,talonflame,663,fire,flying,78,81,71,74,69,126,499,120,24.5,175
664,scatterbug,664,bug,None,38,35,40,27,25,35,200,30,2.5,40
665,spewpa,665,bug,None,45,22,60,27,30,29,213,30,8.4,75
666,vivillon,666,bug,flying,80,52,50,90,50,89,411,120,17,185
667,litleo,667,fire,normal,62,50,58,73,54,72,369,60,13.5,74
668,pyroar-male,668,fire,normal,86,68,72,109,66,106,507,150,81.5,177
669,flabebe,669,fairy,None,44,38,39,61,79,42,303,10,0.1,61
670,floette,670,fairy,None,54,45,47,75,98,52,371,20,0.9,130
671,florges,671,fairy,None,78,65,68,112,154,75,552,110,10,248
672,skiddo,672,grass,None,66,65,48,62,57,52,350,90,31,70
673,gogoat,673,grass,None,123,100,62,97,81,68,531,170,91,186
674,pancham,674,fighting,None,67,82,62,46,48,43,348,60,8,70
675,pangoro,675,fighting,dark,95,124,78,69,71,58,495,210,136,173
676,furfrou,676,normal,None,75,80,60,65,90,102,472,120,28,165
677,espurr,677,psychic,None,62,48,54,63,60,68,355,30,3.5,71
678,meowstic-male,678,psychic,None,74,48,76,83,81,104,466,60,8.5,163
679,honedge,679,steel,ghost,45,80,100,35,37,28,325,80,2,65
680,doublade,680,steel,ghost,59,110,150,45,49,35,448,80,4.5,157
681,aegislash-shield,681,steel,ghost,60,50,140,50,140,60,500,170,53,234
682,spritzee,682,fairy,None,78,52,60,63,65,23,341,20,0.5,68
683,aromatisse,683,fairy,None,101,72,72,99,89,29,462,80,15.5,162
684,swirlix,684,fairy,None,62,48,66,59,57,49,341,40,3.5,68
685,slurpuff,685,fairy,None,82,80,86,85,75,72,480,80,5,168
686,inkay,686,dark,psychic,53,54,53,37,46,45,288,40,3.5,58
687,malamar,687,dark,psychic,86,92,88,68,75,73,482,150,47,169
688,binacle,688,rock,water,42,52,67,39,56,50,306,50,31,61
689,barbaracle,689,rock,water,72,105,115,54,86,68,500,130,96,175
690,skrelp,690,poison,water,50,60,60,60,60,30,320,50,7.3,64
691,dragalge,691,poison,dragon,65,75,90,97,123,44,494,180,81.5,173
692,clauncher,692,water,None,50,53,62,58,63,44,330,50,8.3,66
693,clawitzer,693,water,None,71,73,88,120,89,59,500,130,35.3,100
694,helioptile,694,electric,normal,44,38,33,61,43,70,289,50,6,58
695,heliolisk,695,electric,normal,62,55,52,109,94,109,481,100,21,168
696,tyrunt,696,rock,dragon,58,89,77,45,45,48,362,80,26,72
697,tyrantrum,697,rock,dragon,82,121,119,69,59,71,521,250,270,182
698,amaura,698,rock,ice,77,59,50,67,63,46,362,130,25.2,72
699,aurorus,699,rock,ice,123,77,72,99,92,58,521,270,225,104
700,sylveon,700,fairy,None,95,65,65,110,130,60,525,100,23.5,184
701,hawlucha,701,fighting,flying,78,92,75,74,63,118,500,80,21.5,175
702,dedenne,702,electric,fairy,67,58,57,81,67,101,431,20,2.2,151
703,carbink,703,rock,fairy,50,50,150,50,150,50,500,30,5.7,100
704,goomy,704,dragon,None,45,50,35,55,75,40,300,30,2.8,60
705,sliggoo,705,dragon,None,68,75,53,83,113,60,452,80,17.5,158
706,goodra,706,dragon,None,90,100,70,110,150,80,600,200,150.5,270
707,klefki,707,steel,fairy,57,80,91,80,87,75,470,20,3,165
708,phantump,708,ghost,grass,43,70,48,50,60,38,309,40,7,62
709,trevenant,709,ghost,grass,85,110,76,65,82,56,474,150,71,166
710,pumpkaboo-average,710,ghost,grass,49,66,70,44,55,51,335,40,5,67
711,gourgeist-average,711,ghost,grass,65,90,122,58,75,84,494,90,12.5,173
712,bergmite,712,ice,None,55,69,85,32,35,28,304,100,99.5,61
713,avalugg,713,ice,None,95,117,184,44,46,28,514,200,505,180
714,noibat,714,flying,dragon,40,30,35,45,40,55,245,50,8,49
715,noivern,715,flying,dragon,85,70,80,97,80,123,535,150,85,187
716,xerneas,716,fairy,None,126,131,95,131,98,99,680,300,215,306
717,yveltal,717,dark,flying,126,131,95,131,98,99,680,580,203,306
718,zygarde-50,718,dragon,ground,108,100,121,81,95,95,600,500,305,270
719,diancie,719,rock,fairy,50,100,150,100,150,50,600,70,8.8,270
720,hoopa,720,psychic,ghost,80,110,60,150,130,70,600,50,9,270
721,volcanion,721,fire,water,80,110,120,130,90,70,600,170,195,270
722,rowlet,722,grass,flying,68,55,55,50,50,42,320,30,1.5,64
723,dartrix,723,grass,flying,78,75,75,70,70,52,420,70,16,147
724,decidueye,724,grass,ghost,78,107,75,100,100,70,530,160,36.6,239
725,litten,725,fire,None,45,65,40,60,40,70,320,40,4.3,64
726,torracat,726,fire,None,65,85,50,80,50,90,420,70,25,147
727,incineroar,727,fire,dark,95,115,90,80,90,60,530,180,83,239
728,popplio,728,water,None,50,54,54,66,56,40,320,40,7.5,64
729,brionne,729,water,None,60,69,69,91,81,50,420,60,17.5,147
730,primarina,730,water,fairy,80,74,74,126,116,60,530,180,44,239
731,pikipek,731,normal,flying,35,75,30,30,30,65,265,30,1.2,53
732,trumbeak,732,normal,flying,55,85,50,40,50,75,355,60,14.8,124
733,toucannon,733,normal,flying,80,120,75,75,75,60,485,110,26,218
734,yungoos,734,normal,None,48,70,30,30,30,45,253,40,6,51
735,gumshoos,735,normal,None,88,110,60,55,60,45,418,70,14.2,146
736,grubbin,736,bug,None,47,62,45,55,45,46,300,40,4.4,60
737,charjabug,737,bug,electric,57,82,95,55,75,36,400,50,10.5,140
738,vikavolt,738,bug,electric,77,70,90,145,75,43,500,150,45,225
739,crabrawler,739,fighting,None,47,82,57,42,47,63,338,60,7,68
740,crabominable,740,fighting,ice,97,132,77,62,67,43,478,170,180,167
741,oricorio-baile,741,fire,flying,75,70,70,98,70,93,476,60,3.4,167
742,cutiefly,742,bug,fairy,40,45,40,55,40,84,304,10,0.2,61
743,ribombee,743,bug,fairy,60,55,60,95,70,124,464,20,0.5,162
744,rockruff,744,rock,None,45,65,40,30,40,60,280,50,9.2,56
745,lycanroc-midday,745,rock,None,75,115,65,55,65,112,487,80,25,170
746,wishiwashi-solo,746,water,None,45,20,20,25,25,40,175,20,0.3,61
747,mareanie,747,poison,water,50,53,62,43,52,45,305,40,8,61
748,toxapex,748,poison,water,50,63,152,53,142,35,495,70,14.5,173
749,mudbray,749,ground,None,70,100,70,45,55,45,385,100,110,77
750,mudsdale,750,ground,None,100,125,100,55,85,35,500,250,920,175
751,dewpider,751,water,bug,38,40,52,40,72,27,269,30,4,54
752,araquanid,752,water,bug,68,70,92,50,132,42,454,180,82,159
753,fomantis,753,grass,None,40,55,35,50,35,35,250,30,1.5,50
754,lurantis,754,grass,None,70,105,90,80,90,45,480,90,18.5,168
755,morelull,755,grass,fairy,40,35,55,65,75,15,285,20,1.5,57
756,shiinotic,756,grass,fairy,60,45,80,90,100,30,405,100,11.5,142
757,salandit,757,poison,fire,48,44,40,71,40,77,320,60,4.8,64
758,salazzle,758,poison,fire,68,64,60,111,60,117,480,120,22.2,168
759,stufful,759,normal,fighting,70,75,50,45,50,50,340,50,6.8,68
760,bewear,760,normal,fighting,120,125,80,55,60,60,500,210,135,175
761,bounsweet,761,grass,None,42,30,38,30,38,32,210,30,3.2,42
762,steenee,762,grass,None,52,40,48,40,48,62,290,70,8.2,102
763,tsareena,763,grass,None,72,120,98,50,98,72,510,120,21.4,230
764,comfey,764,fairy,None,51,52,90,82,110,100,485,10,0.3,170
765,oranguru,765,normal,psychic,90,60,80,90,110,60,490,150,76,172
766,passimian,766,fighting,None,100,120,90,40,60,80,490,200,82.8,172
767,wimpod,767,bug,water,25,35,40,20,30,80,230,50,12,46
768,golisopod,768,bug,water,75,125,140,60,90,40,530,200,108,186
769,sandygast,769,ghost,ground,55,55,80,70,45,15,320,50,70,64
770,palossand,770,ghost,ground,85,75,110,100,75,35,480,130,250,168
771,pyukumuku,771,water,None,55,60,130,30,130,5,410,30,1.2,144
772,type-null,772,normal,None,95,95,95,95,95,59,534,190,120.5,107
773,silvally,773,normal,None,95,95,95,95,95,95,570,230,100.5,257
774,minior-red-meteor,774,rock,flying,60,60,100,60,100,60,440,30,40,154
775,komala,775,normal,None,65,115,65,75,95,65,480,40,19.9,168
776,turtonator,776,fire,dragon,60,78,135,91,85,36,485,200,212,170
777,togedemaru,777,electric,steel,65,98,63,40,73,96,435,30,3.3,152
778,mimikyu-disguised,778,ghost,fairy,55,90,80,50,105,96,476,20,0.7,167
779,bruxish,779,water,psychic,68,105,70,70,70,92,475,90,19,166
780,drampa,780,normal,dragon,78,60,85,135,91,36,485,300,185,170
781,dhelmise,781,ghost,grass,70,131,100,86,90,40,517,390,210,181
782,jangmo-o,782,dragon,None,45,55,65,45,45,45,300,60,29.7,60
783,hakamo-o,783,dragon,fighting,55,75,90,65,70,65,420,120,47,147
784,kommo-o,784,dragon,fighting,75,110,125,100,105,85,600,160,78.2,270
785,tapu-koko,785,electric,fairy,70,115,85,95,75,130,570,180,20.5,257
786,tapu-lele,786,psychic,fairy,70,85,75,130,115,95,570,120,18.6,257
787,tapu-bulu,787,grass,fairy,70,130,115,85,95,75,570,190,45.5,257
788,tapu-fini,788,water,fairy,70,75,115,95,130,85,570,130,21.2,257
789,cosmog,789,psychic,None,43,29,31,29,31,37,200,20,0.1,40
790,cosmoem,790,psychic,None,43,29,131,29,131,37,400,10,999.9,140
791,solgaleo,791,psychic,steel,137,137,107,113,89,97,680,340,230,306
792,lunala,792,psychic,ghost,137,113,89,137,107,97,680,400,120,306
793,nihilego,793,rock,poison,109,53,47,127,131,103,570,120,55.5,257
794,buzzwole,794,bug,fighting,107,139,139,53,53,79,570,240,333.6,257
795,pheromosa,795,bug,fighting,71,137,37,137,37,151,570,180,25,257
796,xurkitree,796,electric,None,83,89,71,173,71,83,570,380,100,257
797,celesteela,797,steel,flying,97,101,103,107,101,61,570,920,999.9,257
798,kartana,798,grass,steel,59,181,131,59,31,109,570,30,0.1,257
799,guzzlord,799,dark,dragon,223,101,53,97,53,43,570,550,888,257
800,necrozma,800,psychic,None,97,107,101,127,89,79,600,240,230,270
801,magearna,801,steel,fairy,80,95,115,130,115,65,600,100,80.5,270
802,marshadow,802,fighting,ghost,90,125,80,90,90,125,600,70,22.2,270
803,poipole,803,poison,None,67,73,67,73,67,73,420,60,1.8,189
804,naganadel,804,poison,dragon,73,73,73,127,73,121,540,360,150,243
805,stakataka,805,rock,steel,61,131,211,53,101,13,570,550,820,257
806,blacephalon,806,fire,ghost,53,127,53,151,79,107,570,180,13,257
807,zeraora,807,electric,None,88,112,75,102,80,143,600,150,44.5,270
808,meltan,808,steel,None,46,65,65,55,35,34,300,20,8,135
809,melmetal,809,steel,None,135,143,143,80,65,34,600,250,800,270
810,grookey,810,grass,None,50,65,50,40,40,65,310,30,5,62
811,thwackey,811,grass,None,70,85,70,55,60,80,420,70,14,147
812,rillaboom,812,grass,None,100,125,90,60,70,85,530,210,90,265
813,scorbunny,813,fire,None,50,71,40,40,40,69,310,30,4.5,62
814,raboot,814,fire,None,65,86,60,55,60,94,420,60,9,147
815,cinderace,815,fire,None,80,116,75,65,75,119,530,140,33,265
816,sobble,816,water,None,50,40,40,70,40,70,310,30,4,62
817,drizzile,817,water,None,65,60,55,95,55,90,420,70,11.5,147
818,inteleon,818,water,None,70,85,65,125,65,120,530,190,45.2,265
819,skwovet,819,normal,None,70,55,55,35,35,25,275,30,2.5,55
820,greedent,820,normal,None,120,95,95,55,75,20,460,60,6,161
821,rookidee,821,flying,None,38,47,35,33,35,57,245,20,1.8,49
822,corvisquire,822,flying,None,68,67,55,43,55,77,365,80,16,128
823,corviknight,823,flying,steel,98,87,105,53,85,67,495,220,75,248
824,blipbug,824,bug,None,25,20,20,25,45,45,180,40,8,36
825,dottler,825,bug,psychic,50,35,80,50,90,30,335,40,19.5,117
826,orbeetle,826,bug,psychic,60,45,110,80,120,90,505,40,40.8,253
827,nickit,827,dark,None,40,28,28,47,52,50,245,60,8.9,49
828,thievul,828,dark,None,70,58,58,87,92,90,455,120,19.9,159
829,gossifleur,829,grass,None,40,40,60,40,60,10,250,40,2.2,50
830,eldegoss,830,grass,None,60,50,90,80,120,60,460,50,2.5,161
831,wooloo,831,normal,None,42,40,55,40,45,48,270,60,6,122
832,dubwool,832,normal,None,72,80,100,60,90,88,490,130,43,172
833,chewtle,833,water,None,50,64,50,38,38,44,284,30,8.5,57
834,drednaw,834,water,rock,90,115,90,48,68,74,485,100,115.5,170
835,yamper,835,electric,None,59,45,50,40,50,26,270,30,13.5,54
836,boltund,836,electric,None,69,90,60,90,60,121,490,100,34,172
837,rolycoly,837,rock,None,30,40,50,40,50,30,240,30,12,48
838,carkol,838,rock,fire,80,60,90,60,70,50,410,110,78,144
839,coalossal,839,rock,fire,110,80,120,80,90,30,510,280,310.5,255
840,applin,840,grass,dragon,40,40,80,40,40,20,260,20,0.5,52
841,flapple,841,grass,dragon,70,110,80,95,60,70,485,30,1,170
842,appletun,842,grass,dragon,110,85,80,100,80,30,485,40,13,170
843,silicobra,843,ground,None,52,57,75,35,50,46,315,220,7.6,63
844,sandaconda,844,ground,None,72,107,125,65,70,71,510,380,65.5,179
845,cramorant,845,flying,water,70,85,55,85,95,85,475,80,18,166
846,arrokuda,846,water,None,41,63,40,40,30,66,280,50,1,56
847,barraskewda,847,water,None,61,123,60,60,50,136,490,130,30,172
848,toxel,848,electric,poison,40,38,35,54,35,40,242,40,11,48
849,toxtricity-amped,849,electric,poison,75,98,70,114,70,75,502,160,40,176
850,sizzlipede,850,fire,bug,50,65,45,50,50,45,305,70,1,61
851,centiskorch,851,fire,bug,100,115,65,90,90,65,525,300,120,184
852,clobbopus,852,fighting,None,50,68,60,50,50,32,310,60,4,62
853,grapploct,853,fighting,None,80,118,90,70,80,42,480,160,39,168
854,sinistea,854,ghost,None,40,45,45,74,54,50,308,10,0.2,62
855,polteageist,855,ghost,None,60,65,65,134,114,70,508,20,0.4,178
856,hatenna,856,psychic,None,42,30,45,56,53,39,265,40,3.4,53
857,hattrem,857,psychic,None,57,40,65,86,73,49,370,60,4.8,130
858,hatterene,858,psychic,fairy,57,90,95,136,103,29,510,210,5.1,255
859,impidimp,859,dark,fairy,45,45,30,55,40,50,265,40,5.5,53
860,morgrem,860,dark,fairy,65,60,45,75,55,70,370,80,12.5,130
861,grimmsnarl,861,dark,fairy,95,120,65,95,75,60,510,150,61,255
862,obstagoon,862,dark,normal,93,90,101,60,81,95,520,160,46,260
863,perrserker,863,steel,None,70,110,100,50,60,50,440,80,28,154
864,cursola,864,ghost,None,60,95,50,145,130,30,510,100,0.4,179
865,sirfetchd,865,fighting,None,62,135,95,68,82,65,507,80,117,177
866,mr-rime,866,ice,psychic,80,85,75,110,100,70,520,150,58.2,182
867,runerigus,867,ground,ghost,58,95,145,50,105,30,483,160,66.6,169
868,milcery,868,fairy,None,45,40,40,50,61,34,270,20,0.3,54
869,alcremie,869,fairy,None,65,60,75,110,121,64,495,30,0.5,173
870,falinks,870,fighting,None,65,100,100,70,60,75,470,300,62,165
871,pincurchin,871,electric,None,48,101,95,91,85,15,435,30,1,152
872,snom,872,ice,bug,30,25,35,45,30,20,185,30,3.8,37
873,frosmoth,873,ice,bug,70,65,60,125,90,65,475,130,42,166
874,stonjourner,874,rock,None,100,125,135,20,20,70,470,250,520,165
875,eiscue-ice,875,ice,None,75,80,110,65,90,50,470,140,89,165
876,indeedee-male,876,psychic,normal,60,65,55,105,95,95,475,90,28,166
877,morpeko-full-belly,877,electric,dark,58,95,58,70,58,97,436,30,3,153
878,cufant,878,steel,None,72,80,49,40,49,40,330,120,100,66
879,copperajah,879,steel,None,122,130,69,80,69,30,500,300,650,175
880,dracozolt,880,electric,dragon,90,100,90,80,70,75,505,180,190,177
881,arctozolt,881,electric,ice,90,100,90,90,80,55,505,230,150,177
882,dracovish,882,water,dragon,90,90,100,70,80,75,505,230,215,177
883,arctovish,883,water,ice,90,90,100,80,90,55,505,200,175,177
884,duraludon,884,steel,dragon,70,95,115,120,50,85,535,180,40,187
885,dreepy,885,dragon,ghost,28,60,30,40,30,82,270,50,2,54
886,drakloak,886,dragon,ghost,68,80,50,60,50,102,410,140,11,144
887,dragapult,887,dragon,ghost,88,120,75,100,75,142,600,300,50,300
888,zacian,888,fairy,None,92,120,115,80,115,138,660,280,110,335
889,zamazenta,889,fighting,None,92,120,115,80,115,138,660,290,210,335
890,eternatus,890,poison,dragon,140,85,95,145,95,130,690,2000,950,345
891,kubfu,891,fighting,None,60,90,60,53,50,72,385,60,12,77
892,urshifu-single-strike,892,fighting,dark,100,130,100,63,60,97,550,190,105,275
893,zarude,893,dark,grass,105,120,105,70,95,105,600,180,70,300
894,regieleki,894,electric,None,80,100,50,100,50,200,580,120,145,290
895,regidrago,895,dragon,None,200,100,50,100,50,80,580,210,200,290
896,glastrier,896,ice,None,100,145,130,65,110,30,580,220,800,290
897,spectrier,897,ghost,None,100,65,60,145,80,130,580,200,44.5,290
898,calyrex,898,psychic,grass,100,80,80,80,80,80,500,110,7.7,250
899,wyrdeer,899,normal,psychic,103,105,72,105,75,65,525,180,95.1,263
900,kleavor,900,bug,rock,70,135,95,45,70,85,500,180,89,175
901,ursaluna,901,ground,normal,130,140,105,45,80,50,550,240,290,275
902,basculegion-male,902,water,ghost,120,112,65,80,75,78,530,300,110,265
903,sneasler,903,fighting,poison,80,130,60,40,80,120,510,130,43,102
904,overqwil,904,dark,poison,85,115,95,65,65,85,510,250,60.5,179
905,enamorus-incarnate,905,fairy,flying,74,115,70,135,80,106,580,160,48,116
906,sprigatito,906,grass,None,40,61,54,45,45,65,310,40,4.1,62
907,floragato,907,grass,None,61,80,63,60,63,83,410,90,12.2,144
908,meowscarada,908,grass,dark,76,110,70,81,70,123,530,150,31.2,265
909,fuecoco,909,fire,None,67,45,59,63,40,36,310,40,9.8,62
910,crocalor,910,fire,None,81,55,78,90,58,49,411,100,30.7,144
911,skeledirge,911,fire,ghost,104,75,100,110,75,66,530,160,326.5,265
912,quaxly,912,water,None,55,65,45,50,45,50,310,50,6.1,62
913,quaxwell,913,water,None,70,85,65,65,60,65,410,120,21.5,144
914,quaquaval,914,water,fighting,85,120,80,85,75,85,530,180,61.9,265
915,lechonk,915,normal,None,54,45,40,35,45,35,254,50,10.2,51
916,oinkologne-male,916,normal,None,110,100,75,59,80,65,489,100,120,171
917,tarountula,917,bug,None,35,41,45,29,40,20,210,30,4,42
918,spidops,918,bug,None,60,79,92,52,86,35,404,100,16.5,141
919,nymble,919,bug,None,33,46,40,21,25,45,210,20,1,42
920,lokix,920,bug,dark,71,102,78,52,55,92,450,100,17.5,158
921,pawmi,921,electric,None,45,50,20,40,25,60,240,30,2.5,48
922,pawmo,922,electric,fighting,60,75,40,50,40,85,350,40,6.5,123
923,pawmot,923,electric,fighting,70,115,70,70,60,105,490,90,41,245
924,tandemaus,924,normal,None,50,50,45,40,45,75,305,30,1.8,61
925,maushold-family-of-four,925,normal,None,74,75,70,65,75,111,470,30,2.3,165
926,fidough,926,fairy,None,37,55,70,30,55,65,312,30,10.9,62
927,dachsbun,927,fairy,None,57,80,115,50,80,95,477,50,14.9,167
928,smoliv,928,grass,normal,41,35,45,58,51,30,260,30,6.5,52
929,dolliv,929,grass,normal,52,53,60,78,78,33,354,60,11.9,124
930,arboliva,930,grass,normal,78,69,90,125,109,39,510,140,48.2,255
931,squawkabilly-green-plumage,931,normal,flying,82,96,51,45,51,92,417,60,2.4,146
932,nacli,932,rock,None,55,55,75,35,35,25,280,40,16,56
933,naclstack,933,rock,None,60,60,100,35,65,35,355,60,105,124
934,garganacl,934,rock,None,100,100,130,45,90,35,500,230,240,250
935,charcadet,935,fire,None,40,50,40,50,40,35,255,60,10.5,51
936,armarouge,936,fire,psychic,85,60,100,125,80,75,525,150,85,263
937,ceruledge,937,fire,ghost,75,125,80,60,100,85,525,160,62,263
938,tadbulb,938,electric,None,61,31,41,59,35,45,272,30,0.4,54
939,bellibolt,939,electric,None,109,64,91,103,83,45,495,120,113,173
940,wattrel,940,electric,flying,40,40,35,55,40,70,280,40,3.6,56
941,kilowattrel,941,electric,flying,70,70,60,105,60,125,490,140,38.6,172
942,maschiff,942,dark,None,60,78,60,40,51,51,340,50,16,68
943,mabosstiff,943,dark,None,80,120,90,60,70,85,505,110,61,177
944,shroodle,944,poison,normal,40,65,35,40,35,75,290,20,0.7,58
945,grafaiai,945,poison,normal,63,95,65,80,72,110,485,70,27.2,170
946,bramblin,946,grass,ghost,40,65,30,45,35,60,275,60,0.6,55
947,brambleghast,947,grass,ghost,55,115,70,80,70,90,480,120,6,168
948,toedscool,948,ground,grass,40,40,35,50,100,70,335,90,33,67
949,toedscruel,949,ground,grass,80,70,65,80,120,100,515,190,58,180
950,klawf,950,rock,None,70,100,115,35,55,75,450,130,79,158
951,capsakid,951,grass,None,50,62,40,62,40,50,304,30,3,61
952,scovillain,952,grass,fire,65,108,65,108,65,75,486,90,15,170
953,rellor,953,bug,None,41,50,60,31,58,30,270,20,1,54
954,rabsca,954,bug,psychic,75,50,85,115,100,45,470,30,3.5,165
955,flittle,955,psychic,None,30,35,30,55,30,75,255,20,1.5,51
956,espathra,956,psychic,None,95,60,60,101,60,105,481,190,90,168
957,tinkatink,957,fairy,steel,50,45,45,35,64,58,297,40,8.9,59
958,tinkatuff,958,fairy,steel,65,55,55,45,82,78,380,70,59.1,133
959,tinkaton,959,fairy,steel,85,75,77,70,105,94,506,70,112.8,253
960,wiglett,960,water,None,10,55,25,35,25,95,245,120,1.8,49
961,wugtrio,961,water,None,35,100,50,50,70,120,425,120,5.4,149
962,bombirdier,962,flying,dark,70,103,85,60,85,82,485,150,42.9,243
963,finizen,963,water,None,70,45,40,45,40,75,315,130,60.2,63
964,palafin-zero,964,water,None,100,70,72,53,62,100,457,130,60.2,160
965,varoom,965,steel,poison,45,70,63,30,45,47,300,100,35,60
966,revavroom,966,steel,poison,80,119,90,54,67,90,500,180,120,175
967,cyclizar,967,dragon,normal,70,95,65,85,65,121,501,160,63,175
968,orthworm,968,steel,None,70,85,145,60,55,65,480,250,310,240
969,glimmet,969,rock,poison,48,35,42,105,60,60,350,70,8,70
970,glimmora,970,rock,poison,83,55,90,130,81,86,525,150,45,184
971,greavard,971,ghost,None,50,61,60,30,55,34,290,60,35,58
972,houndstone,972,ghost,None,72,101,100,50,97,68,488,200,15,171
973,flamigo,973,flying,fighting,82,115,74,75,64,90,500,160,37,175
974,cetoddle,974,ice,None,108,68,45,30,40,43,334,120,45,67
975,cetitan,975,ice,None,170,113,65,45,55,73,521,450,700,182
976,veluza,976,water,psychic,90,102,73,78,65,70,478,250,90,167
977,dondozo,977,water,None,150,100,115,65,65,35,530,1200,220,265
978,tatsugiri-curly,978,dragon,water,68,50,60,120,95,82,475,30,8,166
979,annihilape,979,fighting,ghost,110,115,80,50,90,90,535,120,56,268
980,clodsire,980,poison,ground,130,75,60,45,100,20,430,180,223,151
981,farigiraf,981,normal,psychic,120,90,70,110,70,60,520,320,160,260
982,dudunsparce-two-segment,982,normal,None,125,100,80,85,75,55,520,360,39.2,182
983,kingambit,983,dark,steel,100,135,120,60,85,50,550,200,120,275
984,great-tusk,984,ground,fighting,115,131,131,53,53,87,570,220,320,285
985,scream-tail,985,fairy,psychic,115,65,99,65,115,111,570,120,8,285
986,brute-bonnet,986,grass,dark,111,127,99,79,99,55,570,120,21,285
987,flutter-mane,987,ghost,fairy,55,55,55,135,135,135,570,140,4,285
988,slither-wing,988,bug,fighting,85,135,79,85,105,81,570,320,92,285
989,sandy-shocks,989,electric,ground,85,81,97,121,85,101,570,230,60,285
990,iron-treads,990,ground,steel,90,112,120,72,70,106,570,90,240,285
991,iron-bundle,991,ice,water,56,80,114,124,60,136,570,60,11,285
992,iron-hands,992,fighting,electric,154,140,108,50,68,50,570,180,380.7,285
993,iron-jugulis,993,dark,flying,94,80,86,122,80,108,570,130,111,285
994,iron-moth,994,fire,poison,80,70,60,140,110,110,570,120,36,285
995,iron-thorns,995,rock,electric,100,134,110,70,84,72,570,160,303,285
996,frigibax,996,dragon,ice,65,75,45,35,45,55,320,50,17,64
997,arctibax,997,dragon,ice,90,95,66,45,65,62,423,80,30,148
998,baxcalibur,998,dragon,ice,115,145,92,75,86,87,600,210,210,300
999,gimmighoul,999,ghost,None,45,30,70,75,70,10,300,30,5,60
1000,gholdengo,1000,steel,ghost,87,60,95,133,91,84,550,120,30,275
1001,wo-chien,1001,dark,grass,85,85,100,95,135,70,570,150,74.2,285
1002,chien-pao,1002,dark,ice,80,120,80,90,65,135,570,190,152.2,285
1003,ting-lu,1003,dark,ground,155,110,125,55,80,45,570,270,699.7,285
1004,chi-yu,1004,dark,fire,55,80,80,135,120,100,570,40,4.9,285
1005,roaring-moon,1005,dragon,dark,105,139,71,55,101,119,590,200,380,295
1006,iron-valiant,1006,fairy,fighting,74,130,90,120,60,116,590,140,35,295
1007,koraidon,1007,fighting,dragon,100,135,115,85,100,135,670,250,303,335
1008,miraidon,1008,electric,dragon,100,85,100,135,115,135,670,350,240,335
1009,walking-wake,1009,water,dragon,99,83,91,125,83,109,590,350,280,295
1010,iron-leaves,1010,grass,psychic,90,130,88,70,108,104,590,150,125,295
1011,dipplin,1011,grass,dragon,80,80,110,95,80,40,485,40,9.7,170
1012,poltchageist,1012,grass,ghost,40,45,45,74,54,50,308,10,1.1,62
1013,sinistcha,1013,grass,ghost,71,60,106,121,80,70,508,20,2.2,178
1014,okidogi,1014,poison,fighting,88,128,115,58,86,80,555,180,92.2,278
1015,munkidori,1015,poison,psychic,88,75,66,130,90,106,555,100,12.2,278
1016,fezandipiti,1016,poison,fairy,88,91,82,70,125,99,555,140,30.1,278
1017,ogerpon,1017,grass,None,80,120,84,60,96,110,550,120,39.8,275
1018,archaludon,1018,steel,dragon,90,105,130,125,65,85,600,200,60,300
1019,hydrapple,1019,grass,dragon,106,80,110,120,80,44,540,180,93,270
1020,gouging-fire,1020,fire,dragon,105,115,121,65,93,91,590,350,590,295
1021,raging-bolt,1021,electric,dragon,125,73,91,137,89,75,590,520,480,295
1022,iron-boulder,1022,rock,psychic,90,120,80,68,108,124,590,150,162.5,295
1023,iron-crown,1023,steel,psychic,90,72,100,122,108,98,590,160,156,295
1024,terapagos,1024,normal,None,90,65,85,65,85,60,450,20,6.5,90
1025,pecharunt,1025,poison,ghost,88,88,160,88,88,88,600,30,0.3,300
10001,deoxys-attack,386,psychic,None,50,180,20,180,20,150,600,170,60.8,270
10002,deoxys-defense,386,psychic,None,50,70,160,70,160,90,600,170,60.8,270
10003,deoxys-speed,386,psychic,None,50,95,90,95,90,180,600,170,60.8,270
10004,wormadam-sandy,413,bug,ground,60,79,105,59,85,36,424,50,6.5,148
10005,wormadam-trash,413,bug,steel,60,69,95,69,95,36,424,50,6.5,148
10006,shaymin-sky,492,grass,flying,100,103,75,120,75,127,600,40,5.2,270
10007,giratina-origin,487,ghost,dragon,150,120,100,120,100,90,680,690,650,340
10008,rotom-heat,479,electric,fire,50,65,107,105,107,86,520,30,0.3,182
10009,rotom-wash,479,electric,water,50,65,107,105,107,86,520,30,0.3,182
10010,rotom-frost,479,electric,ice,50,65,107,105,107,86,520,30,0.3,182
10011,rotom-fan,479,electric,flying,50,65,107,105,107,86,520,30,0.3,182
10012,rotom-mow,479,electric,grass,50,65,107,105,107,86,520,30,0.3,182
10013,castform-sunny,351,fire,None,70,70,70,70,70,70,420,30,0.8,147
10014,castform-rainy,351,water,None,70,70,70,70,70,70,420,30,0.8,147
10015,castform-snowy,351,ice,None,70,70,70,70,70,70,420,30,0.8,147
10016,basculin-blue-striped,550,water,None,70,92,65,80,55,98,460,100,18,161
10017,darmanitan-zen,555,fire,psychic,105,30,105,140,105,55,540,130,92.9,189
10018,meloetta-pirouette,648,normal,fighting,100,128,90,77,77,128,600,60,6.5,270
10019,tornadus-therian,641,flying,None,79,100,80,110,90,121,580,140,63,290
10020,thundurus-therian,642,electric,flying,79,105,70,145,80,101,580,300,61,290
10021,landorus-therian,645,ground,flying,89,145,90,105,80,91,600,130,68,300
10022,kyurem-black,646,dragon,ice,125,170,100,120,90,95,700,330,325,350
10023,kyurem-white,646,dragon,ice,125,120,90,170,100,95,700,360,325,350
10024,keldeo-resolute,647,water,fighting,91,72,90,129,90,108,580,140,48.5,290
10025,meowstic-female,678,psychic,None,74,48,76,83,81,104,466,60,8.5,163
10026,aegislash-blade,681,steel,ghost,60,140,50,140,50,60,500,170,53,250
10027,pumpkaboo-small,710,ghost,grass,44,66,70,44,55,56,335,30,3.5,67
10028,pumpkaboo-large,710,ghost,grass,54,66,70,44,55,46,335,50,7.5,67
10029,pumpkaboo-super,710,ghost,grass,59,66,70,44,55,41,335,80,15,67
10030,gourgeist-small,711,ghost,grass,55,85,122,58,75,99,494,70,9.5,173
10031,gourgeist-large,711,ghost,grass,75,95,122,58,75,69,494,110,14,173
10032,gourgeist-super,711,ghost,grass,85,100,122,58,75,54,494,170,39,173
10033,venusaur-mega,3,grass,poison,80,100,123,122,120,80,625,240,155.5,281
10034,charizard-mega-x,6,fire,dragon,78,130,111,130,85,100,634,170,110.5,285
10035,charizard-mega-y,6,fire,flying,78,104,78,159,115,100,634,170,100.5,285
10036,blastoise-mega,9,water,None,79,103,120,135,115,78,630,160,101.1,284
10037,alakazam-mega,65,psychic,None,55,50,65,175,105,150,600,120,48,270
10038,gengar-mega,94,ghost,poison,60,65,80,170,95,130,600,140,40.5,270
10039,kangaskhan-mega,115,normal,None,105,125,100,60,100,100,590,220,100,207
10040,pinsir-mega,127,bug,flying,65,155,120,65,90,105,600,170,59,210
10041,gyarados-mega,130,water,dark,95,155,109,70,130,81,640,650,305,224
10042,aerodactyl-mega,142,rock,flying,80,135,85,70,95,150,615,210,79,215
10043,mewtwo-mega-x,150,psychic,fighting,106,190,100,154,100,130,780,230,127,351
10044,mewtwo-mega-y,150,psychic,None,106,150,70,194,120,140,780,150,33,351
10045,ampharos-mega,181,electric,dragon,90,95,105,165,110,45,610,140,61.5,275
10046,scizor-mega,212,bug,steel,70,150,140,65,100,75,600,200,125,210
10047,heracross-mega,214,bug,fighting,80,185,115,40,105,75,600,170,62.5,210
10048,houndoom-mega,229,dark,fire,75,90,90,140,90,115,600,190,49.5,210
10049,tyranitar-mega,248,rock,dark,100,164,150,95,120,71,700,250,255,315
10050,blaziken-mega,257,fire,fighting,80,160,80,130,80,100,630,190,52,284
10051,gardevoir-mega,282,psychic,fairy,68,85,65,165,135,100,618,160,48.4,278
10052,mawile-mega,303,steel,fairy,50,105,125,55,95,50,480,100,23.5,168
10053,aggron-mega,306,steel,None,70,140,230,60,80,50,630,220,395,284
10054,medicham-mega,308,fighting,psychic,60,100,85,80,85,100,510,130,31.5,179
10055,manectric-mega,310,electric,None,70,75,80,135,80,135,575,180,44,201
10056,banette-mega,354,ghost,None,64,165,75,93,83,75,555,120,13,194
10057,absol-mega,359,dark,None,65,150,60,115,60,115,565,120,49,198
10058,garchomp-mega,445,dragon,ground,108,170,115,120,95,92,700,190,95,315
10059,lucario-mega,448,fighting,steel,70,145,88,140,70,112,625,130,57.5,219
10060,abomasnow-mega,460,grass,ice,90,132,105,132,105,30,594,270,185,208
10061,floette-eternal,670,fairy,None,74,65,67,125,128,92,551,20,0.9,243
10062,latias-mega,380,dragon,psychic,80,100,120,140,150,110,700,180,52,315
10063,latios-mega,381,dragon,psychic,80,130,100,160,120,110,700,230,70,315
10064,swampert-mega,260,water,ground,100,150,110,95,110,70,635,190,102,286
10065,sceptile-mega,254,grass,dragon,70,110,75,145,85,145,630,190,55.2,284
10066,sableye-mega,302,dark,ghost,50,85,125,85,115,20,480,50,161,168
10067,altaria-mega,334,dragon,fairy,75,110,110,110,105,80,590,150,20.6,207
10068,gallade-mega,475,psychic,fighting,68,165,95,65,115,110,618,160,56.4,278
10069,audino-mega,531,normal,fairy,103,60,126,80,126,50,545,150,32,425
10070,sharpedo-mega,319,water,dark,70,140,70,110,65,105,560,250,130.3,196
10071,slowbro-mega,80,water,psychic,95,75,180,130,80,30,590,200,120,207
10072,steelix-mega,208,steel,ground,75,125,230,55,95,30,610,1050,740,214
10073,pidgeot-mega,18,normal,flying,83,80,80,135,80,121,579,220,50.5,261
10074,glalie-mega,362,ice,None,80,120,80,120,80,100,580,210,350.2,203
10075,diancie-mega,719,rock,fairy,50,160,110,160,110,110,700,110,27.8,315
10076,metagross-mega,376,steel,psychic,80,145,150,105,110,110,700,250,942.9,315
10077,kyogre-primal,382,water,None,100,150,90,180,160,90,770,980,430,347
10078,groudon-primal,383,ground,fire,100,180,160,150,90,90,770,500,999.7,347
10079,rayquaza-mega,384,dragon,flying,105,180,100,180,100,115,780,1080,392,351
10080,pikachu-rock-star,25,electric,None,35,55,40,50,50,90,320,40,6,112
10081,pikachu-belle,25,electric,None,35,55,40,50,50,90,320,40,6,112
10082,pikachu-pop-star,25,electric,None,35,55,40,50,50,90,320,40,6,112
10083,pikachu-phd,25,electric,None,35,55,40,50,50,90,320,40,6,112
10084,pikachu-libre,25,electric,None,35,55,40,50,50,90,320,40,6,112
10085,pikachu-cosplay,25,electric,None,35,55,40,50,50,90,320,40,6,112
10086,hoopa-unbound,720,psychic,dark,80,160,60,170,130,80,680,650,490,306
10087,camerupt-mega,323,fire,ground,70,120,100,145,105,20,560,250,320.5,196
10088,lopunny-mega,428,normal,fighting,65,136,94,54,96,135,580,130,28.3,203
10089,salamence-mega,373,dragon,flying,95,145,130,120,90,120,700,180,112.6,315
10090,beedrill-mega,15,bug,poison,65,150,40,15,80,145,495,140,40.5,223
10091,rattata-alola,19,dark,normal,30,56,35,25,35,72,253,30,3.8,51
10092,raticate-alola,20,dark,normal,75,71,70,40,80,77,413,70,25.5,145
10093,raticate-totem-alola,20,dark,normal,75,71,70,40,80,77,413,140,105,145
10094,pikachu-original-cap,25,electric,None,35,55,40,50,50,90,320,40,6,112
10095,pikachu-hoenn-cap,25,electric,None,35,55,40,50,50,90,320,40,6,112
10096,pikachu-sinnoh-cap,25,electric,None,35,55,40,50,50,90,320,40,6,112
10097,pikachu-unova-cap,25,electric,None,35,55,40,50,50,90,320,40,6,112
10098,pikachu-kalos-cap,25,electric,None,35,55,40,50,50,90,320,40,6,112
10099,pikachu-alola-cap,25,electric,None,35,55,40,50,50,90,320,40,6,112
10100,raichu-alola,26,electric,psychic,60,85,50,95,85,110,485,70,21,243
10101,sandshrew-alola,27,ice,steel,50,75,90,10,35,40,300,70,40,60
10102,sandslash-alola,28,ice,steel,75,100,120,25,65,65,450,120,55,158
10103,vulpix-alola,37,ice,None,38,41,40,50,65,65,299,60,9.9,60
10104,ninetales-alola,38,ice,fairy,73,67,75,81,100,109,505,110,19.9,177
10105,diglett-alola,50,ground,steel,10,55,30,35,45,90,265,20,1,53
10106,dugtrio-alola,51,ground,steel,35,100,60,50,70,110,425,70,66.6,149
10107,meowth-alola,52,dark,None,40,35,35,50,40,90,290,40,4.2,58
10108,persian-alola,53,dark,None,65,60,60,75,65,115,440,110,33,154
10109,geodude-alola,74,rock,electric,40,80,100,30,30,20,300,40,20.3,60
10110,graveler-alola,75,rock,electric,55,95,115,45,45,35,390,100,110,137
10111,golem-alola,76,rock,electric,80,120,130,55,65,45,495,170,316,223
10112,grimer-alola,88,poison,dark,80,80,50,40,50,25,325,70,42,65
10113,muk-alola,89,poison,dark,105,105,75,65,100,50,500,100,52,175
10114,exeggutor-alola,103,grass,dragon,95,105,85,125,75,45,530,1090,415.6,186
10115,marowak-alola,105,fire,ghost,60,80,110,50,80,45,425,100,34,149
10116,greninja-battle-bond,658,water,dark,72,95,67,103,71,122,530,150,40,239
10117,greninja-ash,658,water,dark,72,145,67,153,71,132,640,150,40,288
10118,zygarde-10-power-construct,718,dragon,ground,54,100,71,61,85,115,486,120,33.5,243
10119,zygarde-50-power-construct,718,dragon,ground,108,100,121,81,95,95,600,500,305,300
10120,zygarde-complete,718,dragon,ground,216,100,121,91,95,85,708,450,610,354
10121,gumshoos-totem,735,normal,None,88,110,60,55,60,45,418,140,60,146
10122,vikavolt-totem,738,bug,electric,77,70,90,145,75,43,500,260,147.5,225
10123,oricorio-pom-pom,741,electric,flying,75,70,70,98,70,93,476,60,3.4,167
10124,oricorio-pau,741,psychic,flying,75,70,70,98,70,93,476,60,3.4,167
10125,oricorio-sensu,741,ghost,flying,75,70,70,98,70,93,476,60,3.4,167
10126,lycanroc-midnight,745,rock,None,85,115,75,55,75,82,487,110,25,170
10127,wishiwashi-school,746,water,None,45,140,130,140,135,30,620,820,78.6,217
10128,lurantis-totem,754,grass,None,70,105,90,80,90,45,480,150,58,168
10129,salazzle-totem,758,poison,fire,68,64,60,111,60,117,480,210,81,168
10130,minior-orange-meteor,774,rock,flying,60,60,100,60,100,60,440,30,40,154
10131,minior-yellow-meteor,774,rock,flying,60,60,100,60,100,60,440,30,40,154
10132,minior-green-meteor,774,rock,flying,60,60,100,60,100,60,440,30,40,154
10133,minior-blue-meteor,774,rock,flying,60,60,100,60,100,60,440,30,40,154
10134,minior-indigo-meteor,774,rock,flying,60,60,100,60,100,60,440,30,40,154
10135,minior-violet-meteor,774,rock,flying,60,60,100,60,100,60,440,30,40,154
10136,minior-red,774,rock,flying,60,100,60,100,60,120,500,30,0.3,175
10137,minior-orange,774,rock,flying,60,100,60,100,60,120,500,30,0.3,175
10138,minior-yellow,774,rock,flying,60,100,60,100,60,120,500,30,0.3,175
10139,minior-green,774,rock,flying,60,100,60,100,60,120,500,30,0.3,175
10140,minior-blue,774,rock,flying,60,100,60,100,60,120,500,30,0.3,175
10141,minior-indigo,774,rock,flying,60,100,60,100,60,120,500,30,0.3,175
10142,minior-violet,774,rock,flying,60,100,60,100,60,120,500,30,0.3,175
10143,mimikyu-busted,778,ghost,fairy,55,90,80,50,105,96,476,20,0.7,167
10144,mimikyu-totem-disguised,778,ghost,fairy,55,90,80,50,105,96,476,40,2.8,167
10145,mimikyu-totem-busted,778,ghost,fairy,55,90,80,50,105,96,476,40,2.8,167
10146,kommo-o-totem,784,dragon,fighting,75,110,125,100,105,85,600,240,207.5,270
10147,magearna-original,801,steel,fairy,80,95,115,130,115,65,600,100,80.5,300
10148,pikachu-partner-cap,25,electric,None,35,55,40,50,50,90,320,40,6,112
10149,marowak-totem,105,fire,ghost,60,80,110,50,80,45,425,170,98,149
10150,ribombee-totem,743,bug,fairy,60,55,60,95,70,124,464,40,2,162
10151,rockruff-own-tempo,744,rock,None,45,65,40,30,40,60,280,50,9.2,56
10152,lycanroc-dusk,745,rock,None,75,117,65,55,65,110,487,80,25,170
10153,araquanid-totem,752,water,bug,68,70,92,50,132,42,454,310,217.5,159
10154,togedemaru-totem,777,electric,steel,65,98,63,40,73,96,435,60,13,152
10155,necrozma-dusk,800,psychic,steel,97,157,127,113,109,77,680,380,460,340
10156,necrozma-dawn,800,psychic,ghost,97,113,109,157,127,77,680,420,350,340
10157,necrozma-ultra,800,psychic,dragon,97,167,97,167,97,129,754,750,230,339
10158,pikachu-starter,25,electric,None,45,80,50,75,60,120,430,40,6,86
10159,eevee-starter,133,normal,None,65,75,70,65,85,75,435,30,6.5,87
10160,pikachu-world-cap,25,electric,None,35,55,40,50,50,90,320,40,6,112
10161,meowth-galar,52,steel,None,50,65,55,40,40,40,290,40,7.5,58
10162,ponyta-galar,77,psychic,None,50,85,55,65,65,90,410,80,24,82
10163,rapidash-galar,78,psychic,fairy,65,100,70,80,80,105,500,170,80,175
10164,slowpoke-galar,79,psychic,None,90,65,65,40,40,15,315,120,36,63
10165,slowbro-galar,80,poison,psychic,95,100,95,100,70,30,490,160,70.5,172
10166,farfetchd-galar,83,fighting,None,52,95,55,58,62,55,377,80,42,132
10167,weezing-galar,110,poison,fairy,65,90,120,85,70,60,490,300,16,172
10168,mr-mime-galar,122,ice,psychic,50,65,65,90,90,100,460,140,56.8,161
10169,articuno-galar,144,psychic,flying,90,85,85,125,100,95,580,170,50.9,290
10170,zapdos-galar,145,fighting,flying,90,125,90,85,90,100,580,160,58.2,290
10171,moltres-galar,146,dark,flying,90,85,90,100,125,90,580,200,66,290
10172,slowking-galar,199,poison,psychic,95,65,80,110,110,30,490,180,79.5,172
10173,corsola-galar,222,ghost,None,60,55,100,65,100,30,410,60,0.5,144
10174,zigzagoon-galar,263,dark,normal,38,30,41,30,41,60,240,40,17.5,56
10175,linoone-galar,264,dark,normal,78,70,61,50,61,100,420,50,32.5,147
10176,darumaka-galar,554,ice,None,70,90,45,15,45,50,315,70,40,63
10177,darmanitan-galar-standard,555,ice,None,105,140,55,30,55,95,480,170,120,168
10178,darmanitan-galar-zen,555,ice,fire,105,160,55,30,55,135,540,170,120,189
10179,yamask-galar,562,ground,ghost,38,55,85,30,65,30,303,50,1.5,61
10180,stunfisk-galar,618,ground,steel,109,81,99,66,84,32,471,70,20.5,165
10181,zygarde-10,718,dragon,ground,54,100,71,61,85,115,486,120,33.5,243
10182,cramorant-gulping,845,flying,water,70,85,55,85,95,85,475,80,18,166
10183,cramorant-gorging,845,flying,water,70,85,55,85,95,85,475,80,18,166
10184,toxtricity-low-key,849,electric,poison,75,98,70,114,70,75,502,160,40,176
10185,eiscue-noice,875,ice,None,75,80,70,65,50,130,470,140,89,165
10186,indeedee-female,876,psychic,normal,70,55,65,95,105,85,475,90,28,166
10187,morpeko-hangry,877,electric,dark,58,95,58,70,58,97,436,30,3,153
10188,zacian-crowned,888,fairy,steel,92,150,115,80,115,148,700,280,355,360
10189,zamazenta-crowned,889,fighting,steel,92,120,140,80,140,128,700,290,785,360
10190,eternatus-eternamax,890,poison,dragon,255,115,250,125,250,130,1125,10000,0,563
10191,urshifu-rapid-strike,892,fighting,water,100,130,100,63,60,97,550,190,105,275
10192,zarude-dada,893,dark,grass,105,120,105,70,95,105,600,180,70,300
10193,calyrex-ice,898,psychic,ice,100,165,150,85,130,50,680,240,809.1,340
10194,calyrex-shadow,898,psychic,ghost,100,85,80,165,100,150,680,240,53.6,340
10195,venusaur-gmax,3,grass,poison,80,82,83,100,100,80,525,2400,1000,236
10196,charizard-gmax,6,fire,flying,78,84,78,109,85,100,534,2800,1000,240
10197,blastoise-gmax,9,water,None,79,83,100,85,105,78,530,2500,1000,239
10198,butterfree-gmax,12,bug,flying,60,45,50,90,80,70,395,1700,1000,178
10199,pikachu-gmax,25,electric,None,35,55,40,50,50,90,320,2100,1000,112
10200,meowth-gmax,52,normal,None,40,45,35,40,40,90,290,3300,1000,58
10201,machamp-gmax,68,fighting,None,90,130,80,65,85,55,505,2500,1000,227
10202,gengar-gmax,94,ghost,poison,60,65,60,130,75,110,500,2000,1000,225
10203,kingler-gmax,99,water,None,55,130,115,50,50,75,475,1900,1000,166
10204,lapras-gmax,131,water,ice,130,85,80,85,95,60,535,2400,1000,187
10205,eevee-gmax,133,normal,None,55,55,50,45,65,55,325,1800,1000,65
10206,snorlax-gmax,143,normal,None,160,110,65,65,110,30,540,3500,1000,189
10207,garbodor-gmax,569,poison,None,80,95,82,60,82,75,474,2100,1000,166
10208,melmetal-gmax,809,steel,None,135,143,143,80,65,34,600,2500,1000,270
10209,rillaboom-gmax,812,grass,None,100,125,90,60,70,85,530,2800,1000,265
10210,cinderace-gmax,815,fire,None,80,116,75,65,75,119,530,2700,1000,265
10211,inteleon-gmax,818,water,None,70,85,65,125,65,120,530,4000,1000,265
10212,corviknight-gmax,823,flying,steel,98,87,105,53,85,67,495,1400,1000,248
10213,orbeetle-gmax,826,bug,psychic,60,45,110,80,120,90,505,1400,1000,253
10214,drednaw-gmax,834,water,rock,90,115,90,48,68,74,485,2400,1000,170
10215,coalossal-gmax,839,rock,fire,110,80,120,80,90,30,510,4200,1000,255
10216,flapple-gmax,841,grass,dragon,70,110,80,95,60,70,485,2400,1000,170
10217,appletun-gmax,842,grass,dragon,110,85,80,100,80,30,485,2400,1000,170
10218,sandaconda-gmax,844,ground,None,72,107,125,65,70,71,510,2200,1000,179
10219,toxtricity-amped-gmax,849,electric,poison,75,98,70,114,70,75,502,2400,1000,176
10220,centiskorch-gmax,851,fire,bug,100,115,65,90,90,65,525,7500,1000,184
10221,hatterene-gmax,858,psychic,fairy,57,90,95,136,103,29,510,2600,1000,255
10222,grimmsnarl-gmax,861,dark,fairy,95,120,65,95,75,60,510,3200,1000,255
10223,alcremie-gmax,869,fairy,None,65,60,75,110,121,64,495,3000,1000,173
10224,copperajah-gmax,879,steel,None,122,130,69,80,69,30,500,2300,1000,175
10225,duraludon-gmax,884,steel,dragon,70,95,115,120,50,85,535,4300,1000,187
10226,urshifu-single-strike-gmax,892,fighting,dark,100,130,100,63,60,97,550,2900,1000,275
10227,urshifu-rapid-strike-gmax,892,fighting,water,100,130,100,63,60,97,550,2600,1000,275
10228,toxtricity-low-key-gmax,849,electric,poison,75,98,70,114,70,75,502,2400,1000,176
10229,growlithe-hisui,58,fire,rock,60,75,45,65,50,55,350,80,22.7,70
10230,arcanine-hisui,59,fire,rock,95,115,80,95,80,90,555,200,168,194
10231,voltorb-hisui,100,electric,grass,40,30,50,55,55,100,330,50,13,66
10232,electrode-hisui,101,electric,grass,60,50,70,80,80,150,490,120,71,172
10233,typhlosion-hisui,157,fire,ghost,73,84,78,119,85,95,534,160,69.8,240
10234,qwilfish-hisui,211,dark,poison,65,95,85,55,55,85,440,50,3.9,88
10235,sneasel-hisui,215,fighting,poison,55,95,55,35,75,115,430,90,27,86
10236,samurott-hisui,503,water,dark,90,108,80,100,65,85,528,150,58.2,238
10237,lilligant-hisui,549,grass,fighting,70,105,75,50,75,105,480,120,19.2,168
10238,zorua-hisui,570,normal,ghost,35,60,40,85,40,70,330,70,12.5,66
10239,zoroark-hisui,571,normal,ghost,55,100,60,125,60,110,510,160,73,179
10240,braviary-hisui,628,psychic,flying,110,83,70,112,70,65,510,170,43.4,179
10241,sliggoo-hisui,705,steel,dragon,58,75,83,83,113,40,452,70,68.5,158
10242,goodra-hisui,706,steel,dragon,80,100,100,110,150,60,600,170,334.1,270
10243,avalugg-hisui,713,ice,rock,95,127,184,34,36,38,514,140,262.4,180
10244,decidueye-hisui,724,grass,fighting,88,112,80,95,95,60,530,160,37,239
10245,dialga-origin,483,steel,dragon,100,100,120,150,120,90,680,700,848.7,306
10246,palkia-origin,484,water,dragon,90,100,100,150,120,120,680,630,659,306
10247,basculin-white-striped,550,water,None,70,92,65,80,55,98,460,100,18,161
10248,basculegion-female,902,water,ghost,120,92,65,100,75,78,530,300,110,265
10249,enamorus-therian,905,fairy,flying,74,115,110,135,100,46,580,160,48,116
10250,tauros-paldea-combat-breed,128,fighting,None,75,110,105,30,70,100,490,140,115,172
10251,tauros-paldea-blaze-breed,128,fighting,fire,75,110,105,30,70,100,490,140,85,172
10252,tauros-paldea-aqua-breed,128,fighting,water,75,110,105,30,70,100,490,140,110,172
10253,wooper-paldea,194,poison,ground,55,45,45,25,25,15,210,40,11,42
10254,oinkologne-female,916,normal,None,115,90,70,59,90,65,489,100,120,171
10255,dudunsparce-three-segment,982,normal,None,125,100,80,85,75,55,520,450,47.4,182
10256,palafin-hero,964,water,None,100,160,97,106,87,100,650,180,97.4,160
10257,maushold-family-of-three,925,normal,None,74,75,70,65,75,111,470,30,2.8,165
10258,tatsugiri-droopy,978,dragon,water,68,50,60,120,95,82,475,30,8,166
10259,tatsugiri-stretchy,978,dragon,water,68,50,60,120,95,82,475,30,8,166
10260,squawkabilly-blue-plumage,931,normal,flying,82,96,51,45,51,92,417,60,2.4,146
10261,squawkabilly-yellow-plumage,931,normal,flying,82,96,51,45,51,92,417,60,2.4,146
10262,squawkabilly-white-plumage,931,normal,flying,82,96,51,45,51,92,417,60,2.4,146
10263,gimmighoul-roaming,999,ghost,None,45,30,25,75,45,80,300,10,1,60
10264,koraidon-limited-build,1007,fighting,dragon,100,135,115,85,100,135,670,350,303,335
10265,koraidon-sprinting-build,1007,fighting,dragon,100,135,115,85,100,135,670,350,303,335
10266,koraidon-swimming-build,1007,fighting,dragon,100,135,115,85,100,135,670,350,303,335
10267,koraidon-gliding-build,1007,fighting,dragon,100,135,115,85,100,135,670,350,303,335
10268,miraidon-low-power-mode,1008,electric,dragon,100,85,100,135,115,135,670,280,240,335
10269,miraidon-drive-mode,1008,electric,dragon,100,85,100,135,115,135,670,280,240,335
10270,miraidon-aquatic-mode,1008,electric,dragon,100,85,100,135,115,135,670,280,240,335
10271,miraidon-glide-mode,1008,electric,dragon,100,85,100,135,115,135,670,280,240,335
10272,ursaluna-bloodmoon,901,ground,normal,113,70,120,135,65,52,555,240,290,275
10273,ogerpon-wellspring-mask,1017,grass,water,80,120,84,60,96,110,550,120,39.8,275
10274,ogerpon-hearthflame-mask,1017,grass,fire,80,120,84,60,96,110,550,120,39.8,275
10275,ogerpon-cornerstone-mask,1017,grass,rock,80,120,84,60,96,110,550,120,39.8,275
10276,terapagos-terastal,1024,normal,None,95,95,110,105,110,85,600,30,16,90
10277,terapagos-stellar,1024,normal,None,160,105,110,130,110,85,700,170,77,90
10278,clefable-mega,36,fairy,flying,95,80,93,135,110,70,583,170,42.3,0
10279,victreebel-mega,71,grass,poison,80,125,85,135,95,70,590,450,125.5,0
10280,starmie-mega,121,water,psychic,60,100,105,130,105,120,620,230,80,0
10281,dragonite-mega,149,dragon,flying,91,124,115,145,125,100,700,220,290,0
10282,meganium-mega,154,grass,fairy,80,92,115,143,115,80,625,240,201,0
10283,feraligatr-mega,160,water,dragon,85,160,125,89,93,78,630,230,108.8,0
10284,skarmory-mega,227,steel,flying,65,140,110,40,100,110,565,170,40.4,0
10285,froslass-mega,478,ice,ghost,70,80,70,140,100,120,580,260,29.6,0
10286,emboar-mega,500,fire,fighting,110,148,75,110,110,75,628,180,180.3,0
10287,excadrill-mega,530,ground,steel,110,165,100,65,65,103,608,90,60,0
10288,scolipede-mega,545,bug,poison,60,140,149,75,99,62,585,320,230.5,0
10289,scrafty-mega,560,dark,fighting,65,130,135,55,135,68,588,110,31,0
10290,eelektross-mega,604,electric,None,85,145,80,135,90,80,615,300,180,0
10291,chandelure-mega,609,ghost,fire,60,75,110,175,110,90,620,250,69.6,0
10292,chesnaught-mega,652,grass,fighting,88,137,172,74,115,44,630,160,90,0
10293,delphox-mega,655,fire,psychic,75,69,72,159,125,134,634,150,39,0
10294,greninja-mega,658,water,dark,72,125,77,133,81,142,630,150,40,0
10295,pyroar-mega,668,fire,normal,86,88,92,129,86,126,607,150,93.3,0
10296,floette-mega,670,fairy,None,74,85,87,155,148,102,651,20,100.8,0
10297,malamar-mega,687,dark,psychic,86,102,88,98,120,88,582,290,69.8,0
10298,barbaracle-mega,689,rock,fighting,72,140,130,64,106,88,600,220,100,0
10299,dragalge-mega,691,poison,dragon,65,85,105,132,163,44,594,210,100.3,0
10300,hawlucha-mega,701,fighting,flying,78,137,100,74,93,118,600,100,25,0
10301,zygarde-mega,718,dragon,ground,216,70,91,216,85,100,778,770,610,0
10302,drampa-mega,780,normal,dragon,78,85,110,160,116,36,585,300,240.5,0
10303,falinks-mega,870,fighting,None,65,135,135,70,65,100,570,160,99,0
10304,raichu-mega-x,26,electric,None,60,135,95,90,95,110,585,120,38,0
10305,raichu-mega-y,26,electric,None,60,100,55,160,80,130,585,100,26,0
10306,chimecho-mega,358,psychic,steel,75,50,110,135,120,65,555,120,8,0
10307,absol-mega-z,359,dark,ghost,65,154,60,75,60,151,565,120,49,0
10308,staraptor-mega,398,fighting,flying,85,140,100,60,90,110,585,190,50,0
10309,garchomp-mega-z,445,dragon,None,108,130,85,141,85,151,700,190,99,0
10310,lucario-mega-z,448,fighting,steel,70,100,70,164,70,151,625,130,49.4,0
10311,heatran-mega,485,fire,steel,91,120,106,175,141,67,700,280,570,0
10312,darkrai-mega,491,dark,None,70,120,130,165,130,85,700,300,240,0
10313,golurk-mega,623,ground,ghost,89,159,105,70,105,55,583,400,330,0
10314,meowstic-mega,678,psychic,None,74,48,76,143,101,124,566,80,10.1,0
10315,crabominable-mega,740,fighting,ice,97,157,122,62,107,33,578,260,252.8,0
10316,golisopod-mega,768,bug,steel,75,150,175,70,120,40,630,230,148,0
10317,magearna-mega,801,steel,fairy,80,125,115,170,115,95,700,130,248.1,0
10318,magearna-original-mega,801,steel,fairy,80,125,115,170,115,95,700,130,248.1,0
10319,zeraora-mega,807,electric,None,88,157,75,147,80,153,700,150,44.5,0
10320,scovillain-mega,952,grass,fire,65,138,85,138,85,75,586,120,22,0
10321,glimmora-mega,970,rock,poison,83,90,105,150,96,101,625,280,77,0
10322,tatsugiri-curly-mega,978,dragon,water,68,65,90,135,125,92,575,60,24,0
10323,tatsugiri-droopy-mega,978,dragon,water,68,65,90,135,125,92,575,60,24,0
10324,tatsugiri-stretchy-mega,978,dragon,water,68,65,90,135,125,92,575,60,24,0
10325,baxcalibur-mega,998,dragon,ice,115,175,117,105,101,87,700,210,315,0
